ROI_1,ROI_2,ROI_3,ROI_4,ROI_5,ROI_6,ROI_7,ROI_8,ROI_9,ROI_10,ROI_11,ROI_12,ROI_13,ROI_14,ROI_15,ROI_16,ROI_17,ROI_18,ROI_19,ROI_20,ROI_21,ROI_22,ROI_23,ROI_24,ROI_25,ROI_26,ROI_27,ROI_28,ROI_29,ROI_30,ROI_31,ROI_32,ROI_33,ROI_34,ROI_35,ROI_36,ROI_37,ROI_38,ROI_39,ROI_40,ROI_41,ROI_42,ROI_43,ROI_44,ROI_45,ROI_46,ROI_47,ROI_48,ROI_49,ROI_50,ROI_51,ROI_52,ROI_53,ROI_54,ROI_55,ROI_56,ROI_57,ROI_58,ROI_59,ROI_60,ROI_61,ROI_62,ROI_63,ROI_64,ROI_65,ROI_66,ROI_67,ROI_68,ROI_69,ROI_70,ROI_71,ROI_72,ROI_73,ROI_74,ROI_75,ROI_76,ROI_77,ROI_78,ROI_79,ROI_80,ROI_81,ROI_82,ROI_83,ROI_84,ROI_85,ROI_86,ROI_87,ROI_88,ROI_89,ROI_90,ROI_91,ROI_92,ROI_93,ROI_94,ROI_95,ROI_96
-0.568, 2.321, 1.361, 1.023,  2.3476,  0.510, 1.803, 3.759, -1.968,-0.477,  2.817,-1.091, -1.529,  7.522, 0.578,-4.907, 0.9578, -1.375, -0.050, 0.33906, -0.471,-3.15, -1.56,  0.0084,  8.20,  3.474,-0.0048,  7.247,  6.566,  8.119, -1.61, -4.765, 1.684,-0.629, 4.387, -1.64, 2.663,-1.2884, 1.983, -1.96, -0.3887, -4.519,-5.048,  5.4900, -1.313, -2.677, -1.63,  2.326,-1.993,  2.316, 2.615,  2.4188,  2.479, 10.44,-1.551, 2.31, 4.2e-01,-1.920, -1.4200,-3.786, 0.2305,  7.933,-1.586, 3.3541,-0.427, -3.014,-4.271,-2.826,-2.06,-3.401, -0.4063,  0.646,  3.451, -3.2908, 2.167, -0.524,  0.1962,  7.78, -1.910, -1.43,10.287,-0.676, 6.165,  1.463,  1.92, 0.1197,  0.41, -3.261, -9.677,  2.9765, -5.5049, -2.6349, -4.995,-7.8e+00, -5.039,  2.3781
-0.609, 1.952, 1.041, 2.402, -0.1482,  6.660, 2.651,-1.910, -2.035,-0.500, -6.713,-0.224,  1.651, -4.175,-1.617, 0.064, 2.2715,  2.012,  1.700, 0.96029,  3.547,-1.35,  3.63, -5.8439,  2.52,  0.327, 0.3432, -4.435, -1.402, -6.588, -2.11,  1.194, 2.952,-3.495,-4.314, -1.51,-2.398,-2.1960,-0.450,  0.15,  3.3951,  1.806, 3.145, -7.3031, -0.210,  4.066, -5.09, -0.415, 1.682, -2.987,-1.079, -2.4561, -1.960, -4.81, 1.484,-2.08,-4.7e-01,-0.838, -0.2485, 2.343, 1.0997, -1.550,-2.616, 1.7999, 1.381,  0.506, 0.487,-0.358, 0.47, 0.816,  2.2344, -6.315,  3.973,  1.9219,-0.699,  1.950,  2.6500, -6.42, -2.824, -5.40,-1.029,-2.580,-2.907,  0.656, -4.43,-0.8927, -1.00, -0.939,  2.608,  1.4583,  4.0865, -1.5789,  2.044, 3.9e+00, -2.514, -1.5970
-0.480, 0.121, 2.423, 3.695,  0.6753,  5.794, 3.953, 1.319, -0.736, 0.982, -3.997,-0.649,  1.525, -0.735,-1.614,-0.412, 2.8719,  0.580, -0.820,-1.49669,  0.057,-4.82,  2.73, -8.0184,  3.12,  2.644, 1.0883, -2.839, -0.471, -9.050, -4.18, -0.245, 4.208,-2.776,-4.557, -1.60,-3.218,-0.1694,-0.745, -1.02,  2.9429,  1.424, 4.422, -6.1660,  0.797,  5.259, -5.96, -1.745, 3.278, -2.052,-0.202, -2.7367, -2.762, -5.00, 0.677, 3.63, 4.1e-01,-0.163, -0.7679, 3.473, 2.0811,  2.135,-3.207,-0.0336, 0.750, -2.754,-2.547,-3.598,-3.11,-1.849,  2.1009, -5.692,  3.211,  3.5975, 1.113,  2.100,  2.9763, -8.24, -4.213, -2.86, 3.160, 0.475,-1.686,  1.939, -1.60, 0.5402, -1.72, -2.136,  2.324,  2.5200,  5.6422,  2.3498,  5.218, 4.6e+00, -3.785, -1.8416
 0.466, 1.102, 3.306, 2.118,  1.5441,  4.105, 3.243, 1.832,  1.282, 1.313, -0.779, 1.475,  2.970,  2.672,-3.686, 0.391, 3.0928,  1.177,  0.865,-0.17788, -0.975,-1.94,  3.73, -4.4008,  6.55,  3.919, 0.7023,  1.713,  1.249, -5.492, -1.22,  2.128, 3.921,-1.704,-4.392,  0.54, 0.528,-0.2629,-0.656,  1.05,  1.0195, -1.844, 2.027, -5.4913,  3.580,  7.530,  0.54, -1.007, 4.477, -0.063, 1.768, -0.6443, -1.497, -1.96,-0.091, 5.60, 1.9e+00,-0.261,  0.5132, 1.986, 3.7543,  2.291,-2.841,-0.9470, 0.500, -0.753,-3.432,-3.636,-1.56,-0.488,  3.2325, -2.108,  4.196,  3.8045, 1.455,  3.614,  2.1827, -4.66, -0.993,  3.73, 3.127, 3.163, 0.857,  4.586, -0.39, 1.1742,  1.08, -0.373,  3.732,  2.6970,  5.6273,  4.0462,  5.494, 4.1e+00,  1.702, -2.1404
 1.726, 1.927, 3.661, 0.941,  2.7981,  3.538, 1.922, 0.920,  2.810, 1.899,  1.571, 3.044,  4.399,  3.535,-4.388, 0.185, 2.4121,  0.652,  1.425, 1.02285, -0.996, 0.54,  4.76, -1.0545,  8.42,  3.834, 0.1864,  5.359,  2.342, -2.117,  1.54,  2.270, 2.262,-0.433,-4.022,  1.12, 4.199,-1.0805,-0.567,  3.23,  1.6673, -1.923, 0.798, -3.7200,  3.673,  6.527,  3.61,  1.155, 4.379,  1.622, 3.153,  0.4266,  0.029,  0.53,-1.138, 4.08, 3.3e+00,-0.469, -0.8086, 0.110, 4.8885,  2.813,-3.005,-0.7256, 0.076,  0.226,-4.152,-2.952, 1.38, 0.610,  3.8576,  0.158,  4.702,  2.0594, 0.798,  4.395,  0.7807, -0.89,  2.316,  6.66, 1.802, 3.868, 1.463,  4.308, -0.98,-0.0048,  3.31,  1.126,  5.237,  4.4333,  6.1044,  2.6241,  3.543, 1.6e+00,  4.381, -0.6290
 2.567, 0.505, 2.606, 1.155,  5.8751,  4.766, 0.809, 0.864,  4.395, 3.283,  2.546, 1.399,  3.499,  0.025,-1.035,-1.889,-0.1506, -1.860, -3.078, 0.45264, -0.135,-0.91,  4.22, -0.9499,  9.81,  0.356, 0.5179,  3.846,  0.106, -0.901,  0.97, -2.463, 0.419, 0.221,-4.169, -2.44, 4.883,-1.4549,-0.225,  5.14,  3.6537,  2.158, 2.249, -1.1160, -1.588,  1.522,  0.34,  2.131,-0.252, -0.805, 1.276, -2.0901, -1.410,  0.69,-2.274, 2.17, 3.9e+00,-0.278, -4.3767,-0.953, 3.8009,  5.462,-2.593, 0.7643,-1.308, -4.244,-5.148,-3.054, 0.44,-0.950,  2.7139, -0.462,  3.234, -1.3288,-0.222,  2.055, -0.7243,  0.31,  2.911,  1.06, 3.082, 2.278,-1.180, -1.382, -1.47,-1.2015,  3.21,  2.138,  1.947,  5.3906,  4.6654, -1.2697, -1.197,-2.1e+00, -1.301,  2.5961
 3.631, 3.032, 2.165, 2.089,  8.9691,  6.258, 2.005, 3.925,  7.566, 4.797,  4.177,-0.232,  2.972, -0.590, 2.086,-2.028,-0.9969, -1.601, -3.491, 2.70080,  2.646, 1.05,  4.19,  2.0357, 10.22, -0.093, 2.1501,  2.846,  0.466,  6.668,  3.49, -0.035, 1.399, 1.377,-4.095, -1.05, 4.125,-0.7618, 1.735, 10.24,  6.1559,  5.995, 4.095,  3.2289, -1.137,  1.695,  3.30,  3.414,-1.996,  0.396, 0.598, -2.0869,  0.854,  4.04,-0.462, 4.21, 4.2e+00, 1.781, -2.6816,-1.517, 2.2352,  7.282,-0.340, 1.2175,-1.355, -5.341,-1.174, 0.422, 0.33, 0.415,  2.9237,  1.422,  1.986, -0.2932, 0.573,  1.442,  1.2902,  6.99,  5.071,  1.39, 4.531, 3.404,-2.030, -2.340,  1.90,-0.1058,  4.18,  5.725,  1.288,  5.1718,  3.1850, -0.0833, -1.877,-6.3e-01, -0.273,  5.7865
 4.314,12.468, 3.539, 3.933, 10.1359,  6.670, 6.531, 8.819, 11.667, 5.391,  7.139, 0.947,  5.342,  4.775, 1.884, 2.532, 2.7490,  2.699,  5.008, 7.80292,  6.022, 8.57,  7.71, 10.2366,  3.77,  6.735, 3.4527,  5.756,  8.397, 22.685, 10.97, 12.908, 4.236, 5.247,-1.676, 11.56, 2.718, 2.8052, 7.506, 19.46, 10.0739,  9.850, 5.609, 11.0114,  9.087,  8.372, 11.59,  9.765, 5.226, 10.595, 4.278,  4.6985, 11.652, 11.77, 5.841, 9.16, 5.0e+00, 5.632,  6.3543,-0.657, 2.5040,  7.575, 2.968,-0.0442, 2.635,  2.275, 9.631, 8.595, 5.29, 7.056,  7.8481,  8.695,  0.742,  7.3164, 3.437,  5.484,  8.3872, 22.41, 10.282, 15.41, 2.667, 7.687, 2.682,  8.983,  8.76, 3.3307,  9.20, 12.139,  7.780,  6.6135,  4.7045,  6.9830,  2.990, 7.4e+00, 12.823, 11.1356
 3.473,16.834, 3.850, 4.914,  7.4761,  4.876, 8.349, 9.801, 12.875, 4.810,  7.589, 3.101,  7.171,  7.754, 0.748, 6.200, 5.1979,  5.324, 10.545, 8.83326,  6.373,11.45, 10.75, 15.3104, -5.17, 10.297, 2.9273,  5.584, 11.872, 28.767, 13.57, 19.519, 4.360, 7.251, 3.832, 19.81, 1.366, 6.0019,11.728, 23.77, 10.2537, 11.254, 6.006, 17.5351, 14.921, 11.869, 14.05, 15.315,10.224, 15.113, 6.359,  9.5335, 16.950, 14.38, 9.126,10.46, 6.8e+00, 7.898, 11.4388, 0.310, 3.8438,  6.302, 4.486,-0.1086, 5.723,  7.399,14.239,12.227, 8.29,10.231, 12.0798, 15.130, -1.547, 11.2437, 4.856,  7.436, 11.0650, 28.81, 12.028, 23.29, 0.123, 7.748, 7.824, 17.329, 10.93, 5.5528, 12.50, 14.657, 11.282,  8.8459,  5.5704, 10.7627,  7.014, 1.1e+01, 19.400, 13.9437
 2.463,10.155, 1.320, 3.562,  1.3936,  1.963, 3.566, 4.666,  8.902, 3.180,  4.293, 3.926,  5.725,  5.498, 0.613, 5.019, 1.9008,  3.397,  8.176, 5.20968,  4.034, 6.30,  8.44, 11.4634, -8.35,  4.941, 0.5478,  0.826,  4.656, 15.016,  6.85, 14.449, 1.884, 1.652, 6.933, 13.43, 0.869, 4.9050, 8.341, 17.96,  4.5138,  6.231, 4.692, 14.6375,  9.756, 10.114, 11.30, 12.526, 5.876,  6.291, 3.168,  6.1068, 10.733,  8.89, 5.326, 6.09, 8.4e+00, 7.425,  8.8113,-1.012, 3.8365,  2.644, 4.187, 1.3843, 3.368,  3.774, 7.456, 7.682, 5.12, 5.987, 10.2649, 14.611, -3.135,  5.9289, 1.963,  3.681,  4.5101, 16.00,  6.296, 13.36,-0.474, 1.538, 7.206, 10.690,  5.56, 4.3169,  8.63, 10.692,  9.285,  8.1650,  3.9333,  6.6042,  6.160, 7.1e+00, 12.496,  8.8478
 1.175, 2.116,-2.449, 0.425, -4.8615, -2.010,-2.377,-1.433,  1.653, 0.069, -0.226, 2.101,  0.954,  2.418, 0.815, 1.808,-2.6198,  0.450,  3.748, 0.62665,  0.032, 0.48,  2.33,  3.5410, -8.29, -1.501,-2.2885, -3.702, -2.723, -0.717, -0.81,  5.952,-0.955,-4.233, 4.725,  3.35,-0.199, 2.1548, 1.539,  6.43, -1.7716, -0.118, 2.679,  5.2333,  1.086,  4.777,  6.19,  5.324,-0.150, -1.322,-1.373,  0.8010,  3.184,  2.64, 0.315, 1.88, 6.6e+00, 5.566,  3.4281,-2.495, 1.1565, -0.534, 2.924, 1.4756,-0.697, -0.852, 0.607, 2.009, 0.38, 0.698,  3.7787,  7.178, -4.250, -0.7547,-2.387, -1.731, -2.4425,  0.75, -0.893,  0.59,-0.334,-3.284, 3.074,  0.019,  0.71, 1.6586,  1.72,  2.765,  6.610,  4.1937,  1.6981,  0.1673,  0.794, 1.3e+00,  2.722,  1.3362
-2.118, 2.123,-1.475,-2.133, -2.7142, -3.899,-1.857,-4.703, -3.341,-2.505, -7.658, 0.373,  0.389, -7.273,-1.437, 2.966,-0.5439,  2.075, -2.408,-2.71270, -0.386, 1.50,  0.42, -2.6764,-14.77, -3.937,-0.3371, -8.209, -7.535,-11.705,  1.10,  2.291, 1.185,-3.718,-7.514, -3.10,-3.364,-1.3158,-5.747, -6.14,  0.7061,  2.959, 5.047, -8.4125,  0.207, -0.685, -3.75, -4.519,-2.032, -2.297,-3.449, -1.0094, -0.922, -9.06, 1.520,-3.74,-2.2e+00, 0.711, -2.9915,-0.347,-1.6297, -3.196,-0.814,-3.8066, 3.602,  3.487,-0.061, 0.477, 0.17, 2.521, -2.1572, -5.935, -6.167, -2.7101,-0.338, -4.043, -4.5692,-11.28,  0.964, -7.55,-2.863,-1.805,-4.611, -2.648, -1.10,-4.9219, -8.64, -4.753,  5.251, -0.2089,  0.5174, -1.3024, -6.600,-4.1e+00, -4.162, -5.5856
-1.745,-1.657,-6.230,-3.733,-10.5295, -7.397,-6.002,-5.947, -6.668,-4.798, -4.918,-1.272, -6.325, -0.379, 0.554,-1.899,-5.5036, -1.878, -0.786,-4.24958, -7.041,-4.40, -5.08, -3.9954, -9.84, -5.223,-4.5873, -7.134, -5.808, -8.972, -6.28, -4.682,-3.909,-4.657, 0.047, -4.02,-2.274, 0.4444,-4.257, -7.31, -5.7647, -4.551, 0.240, -3.0422, -5.901, -3.271, -2.85, -1.166,-4.654, -1.138,-4.804, -2.6337, -2.689, -0.83,-2.924,-0.43, 7.2e-01, 1.782, -4.9493,-3.052,-3.0725, -2.439, 0.301, 0.4634,-3.872, -2.825,-1.926,-1.506,-3.84,-3.047, -4.6722, -4.281, -7.004, -4.3180,-4.739, -7.261, -5.5909, -8.13, -6.202, -8.58,-0.204,-4.154,-0.498, -6.822, -0.17,-0.3741, -3.66, -7.613,  3.886, -1.2546, -1.0123, -3.9683, -5.619,-2.9e+00, -6.256, -4.8386
-4.517,-3.307,-8.776,-7.138,-13.6929,-11.231,-7.276,-8.343,-11.642,-7.624, -8.075,-3.794,-10.140, -2.442,-0.149,-4.652,-6.4340, -3.383, -4.175,-7.38785,-12.204,-7.83,-10.28, -8.5883,-11.93, -6.960,-5.6116, -9.606, -7.489,-14.207,-10.13,-13.118,-6.269,-3.626,-2.646, -9.26,-3.435,-1.0174,-7.726,-15.93, -6.7720, -6.211,-0.744, -6.6206, -8.840, -9.283,-10.88, -5.739,-7.065, -0.157,-7.117, -5.0886, -6.814, -3.73,-5.455,-2.99,-4.1e+00,-2.748,-11.2779,-3.564,-5.1881, -1.831,-1.885,-0.1972,-6.392, -4.238,-3.930,-3.294,-6.39,-5.740,-10.5023,-11.909, -9.061, -5.9770,-5.357,-10.716, -6.8358,-13.40, -9.217,-14.54,-1.898,-4.604,-2.151,-10.851, -1.31,-1.8035, -6.53,-14.700,  0.138, -5.1943, -3.0378, -5.3515, -8.628,-5.8e+00,-13.430, -8.4840
-6.445,-4.355,-9.850,-9.016,-12.3259,-12.152,-6.863,-8.613,-11.435,-7.371, -8.874,-5.771, -8.210, -4.300,-0.805,-4.680,-5.6052, -5.156, -6.029,-8.56725,-12.547,-8.92,-11.50,-12.1972,-13.62, -7.091,-5.3078,-11.067, -8.500,-19.620,-13.32,-16.955,-7.459,-4.338,-3.278,-13.13,-3.552,-2.6498,-7.929,-15.92, -5.4113, -2.945, 0.790, -7.4962, -8.302,-11.460,-17.06, -9.328,-7.262, -1.607,-8.754, -6.9076, -7.152, -7.29,-7.997,-6.64,-5.8e+00,-6.976,-10.5617,-3.992,-3.9616,  0.378,-2.144,-0.6724,-8.923, -6.675,-7.165,-4.748,-7.00,-7.659,-11.2806,-14.554, -9.039, -6.9955,-5.785,-11.170, -7.2420,-17.15,-11.108,-17.18,-5.687,-7.223,-2.445,-12.564, -5.64,-3.4876, -6.88,-16.087, -3.590, -7.2013, -3.2511, -5.8921,-10.214,-8.8e+00,-18.952, -8.9806
-7.314,-4.701,-9.790,-9.043, -9.2938,-10.670,-6.303,-8.183, -9.962,-6.275, -8.643,-7.084, -5.960, -6.701,-1.013,-3.641,-4.7274, -6.813, -7.035,-9.02121,-11.722,-8.95,-10.49,-16.5118,-10.24, -7.313,-3.9432,-11.149, -8.281,-21.906,-14.85,-18.770,-7.080,-5.596,-3.522,-15.09,-4.070,-3.9924,-6.813,-13.69, -4.4181,  0.048, 0.679, -8.1119, -7.135,-11.320,-21.62,-12.290,-6.942, -2.377,-9.382, -7.4563, -5.700, -8.63,-8.626,-8.98,-6.2e+00,-8.807, -6.7110,-3.183,-2.6007, -0.893,-1.351,-0.9909,-9.419, -7.930,-9.088,-5.554,-6.85,-8.249,-10.2294,-16.102, -6.258, -7.4714,-5.097,-10.337, -6.8284,-18.69,-12.087,-16.74,-7.215,-9.402,-2.437,-12.418, -9.58,-4.3986, -6.80,-15.184, -4.781, -8.9565, -3.9013, -5.3232,-10.727,-1.0e+01,-21.213, -9.0304
-5.673,-3.423,-7.495,-6.541, -6.1122, -4.570,-4.745,-6.390, -8.000,-3.556, -6.631,-6.151, -3.970, -7.316,-0.875,-2.820,-3.5124, -5.996, -6.652,-7.29662,-10.358,-7.44, -7.16,-18.0358,  0.94, -7.707,-1.4985, -8.419, -6.644,-17.219,-11.31,-15.782,-4.131,-5.432,-3.463,-13.01,-4.135,-4.5562,-5.868,-11.61, -2.5821,  0.117,-1.587, -8.3980, -4.559, -8.286,-20.24,-13.085,-5.415, -1.464,-8.129, -7.1489, -5.326, -7.00,-4.963,-8.54,-5.3e+00,-6.287, -2.4436,-0.221,-2.0712, -5.997, 0.017,-0.8711,-5.216, -5.819,-6.286,-3.595,-5.44,-6.222, -8.5223,-15.011,  1.506, -4.5433,-1.662, -6.257, -3.4487,-15.32, -9.600,-10.99,-5.441,-7.718,-2.848,-10.493,-10.46,-3.3471, -7.73,-12.482, -2.242, -9.9667, -4.8301, -1.6751, -5.658,-5.6e+00,-15.119, -9.3859
-2.961,-2.646,-3.954,-3.309, -2.9482,  1.385,-2.103,-4.160, -6.041,-0.404, -4.087,-4.046, -1.802, -6.004,-0.968,-2.910,-1.4457, -3.927, -5.089,-4.19954, -7.546,-4.95, -4.19,-14.5689,  8.21, -6.671,-0.0763, -4.362, -3.920,-10.763, -5.61, -9.276,-1.422,-4.699,-3.796, -9.15,-2.803,-4.3619,-5.838,-10.06, -1.2096, -0.662,-2.582, -8.5468, -2.422, -4.687,-14.18,-11.768,-3.245, -1.285,-5.362, -5.8477, -4.849, -6.71,-0.953,-7.50,-5.2e+00,-3.419, -0.5834, 1.295,-2.0431, -8.116, 0.858,-1.3132,-0.222, -2.908,-2.501,-1.452,-3.42,-3.914, -6.9783,-11.431,  7.404, -1.0514, 0.906, -1.159,  0.7271,-10.06, -5.538, -3.65,-4.267,-4.891,-3.593, -8.316,-10.14,-1.9310, -8.62, -9.593,  0.084, -8.3945, -3.5522,  0.1321, -0.349,-6.7e-01, -7.067, -8.2505
-0.306,-3.195,-0.359,-0.249, -1.0029,  2.271,-0.054,-2.317, -4.728, 0.965, -2.901,-2.147, -1.137, -4.795,-1.017,-4.217, 0.8634, -2.254, -2.968,-1.67365, -3.949,-3.29, -4.13, -6.5765,  5.57, -3.713, 0.1308, -0.618, -0.770, -6.825, -1.41, -3.944,-1.147,-4.081,-2.999, -6.77,-0.597,-3.4986,-6.141,-10.23, -2.8986, -2.674,-2.895, -6.4347, -2.440, -2.055, -6.82, -9.099,-2.037, -2.845,-0.922, -1.9434, -2.280, -7.26, 0.158,-6.57,-7.9e+00,-3.871, -2.4997,-1.745,-2.8575, -5.677, 0.093,-2.9011, 2.116, -0.980,-3.078,-2.338,-1.87,-3.463, -6.3218, -7.328,  5.213, -1.8129, 1.166,  0.908,  1.4313, -6.43, -2.513,  0.43,-3.511,-3.307,-3.957, -7.050,-10.15,-1.3485, -8.07, -8.469,  1.676, -2.0813,  0.1746, -2.6964, -1.111,-3.0e+00, -4.754, -5.8183
 1.593,-3.377, 2.259, 1.949,  0.3715,  1.713, 0.610,-0.471, -2.582, 1.441, -1.271,-0.841, -0.894, -4.506,-0.924,-5.456, 2.1097, -0.665, -1.273, 0.46711, -0.251,-1.23, -4.37, -0.4127,  5.31, -1.448, 0.7969,  2.712,  1.651, -3.454,  1.67, -0.285,-1.033,-3.732,-2.013, -5.11, 1.345,-3.1514,-5.498, -9.53, -4.1307, -4.862,-3.974, -3.8363, -2.138, -0.015, -0.87, -6.495,-2.170, -4.048, 2.179,  1.5879,  0.267, -5.74, 0.200,-4.82,-7.3e+00,-3.923, -2.4743,-3.876,-2.7468, -3.357,-0.332,-3.6202, 2.665,  0.762,-3.719,-2.749,-0.54,-2.854, -5.0145, -3.361,  2.664, -3.2112, 1.205,  1.377,  0.7839, -3.39,  0.132,  2.78,-1.027,-2.302,-3.695, -5.592, -9.51,-0.8121, -5.66, -6.693,  0.818,  2.0487,  1.6034, -3.9015, -2.156,-5.6e+00, -2.909, -3.9696
 0.701,-4.641, 2.248, 1.169,  2.5062,  0.787,-0.365, 1.400,  0.442, 2.498,  3.526, 0.375, -0.030, -4.533,-0.834,-5.327, 1.2297, -0.180, -0.994, 1.37250,  2.062, 2.53, -2.83, -0.4866, 14.60, -1.723, 2.5115,  5.964,  3.507,  1.291,  3.72,  2.211, 0.260,-3.259,-2.998, -1.99, 3.071,-3.6029,-3.612, -5.20, -4.0896, -5.256,-5.157, -2.5171, -0.378,  0.912,  1.29, -4.309,-3.777, -2.833, 0.725,  0.3444, -0.923, -4.24,-0.036,-2.18, 1.9e-01, 0.735,  1.9849,-0.300,-0.0258, -2.916, 1.370,-2.8081, 1.975,  2.011, 0.352,-0.301, 0.24,-0.918, -1.9783,  0.065,  5.949, -2.3593, 1.152,  1.736,  1.5060,  0.49,  2.408,  5.17, 3.761,-1.925,-3.091, -2.835, -7.70,-0.1627, -1.36, -2.468, -7.157, -3.0790, -2.4916,  0.2437,  2.039,-1.3e+00,  2.951, -3.2041
-1.468,-5.799, 0.764,-1.207,  4.0501,  0.262,-0.916, 2.162,  2.526, 3.619,  7.127, 1.584,  1.319, -3.806,-0.261,-3.420, 0.3353,  0.027, -0.917, 1.70651,  2.632, 5.37, -0.14, -0.5627, 19.64, -2.468, 3.2820,  6.618,  3.564,  5.902,  4.76,  4.283, 1.268,-2.213,-2.923,  1.76, 4.172,-2.8209,-0.556,  0.76, -2.9599, -3.862,-4.817, -1.1413,  1.642,  2.046,  1.86, -1.228,-4.178, -1.021,-1.505, -1.8848, -3.720, -3.97,-0.051,-0.73, 6.4e+00, 4.785,  5.3135, 4.108, 2.1973,  0.251, 3.152,-0.4317, 1.287,  2.326, 4.249, 2.020, 0.87, 1.082,  1.4397,  2.619,  8.296, -0.5983, 0.787,  2.152,  2.1231,  4.34,  3.516,  6.32, 5.537,-0.729,-1.326,  0.128, -5.40, 1.0004,  2.88,  2.424,-13.133, -6.6874, -4.7547,  4.5695,  7.355, 4.3e+00,  7.797, -1.1857
-3.828,-0.614,-0.368,-0.483, -3.5982, -4.003, 0.405,-3.997, -2.631,-3.155, -5.602, 0.652,  1.036, -8.754,-1.833, 2.276, 0.4795,  2.285, -2.774,-4.09399, -4.217,-1.81, -0.27, -2.5788,-15.45, -2.625,-0.8905, -8.221, -6.496,-13.280, -2.57,  0.377,-1.540,-4.153,-8.964, -4.55,-3.699,-2.2993,-6.229, -6.43,  1.5169,  2.497, 2.597, -4.7107, -1.964, -1.243, -6.52, -4.897,-2.905, -3.823,-2.027, -0.8789, -2.569, -5.99, 2.404,-3.78,-7.0e-01, 1.962, -4.0665, 0.469,-0.4296, -6.256,-1.514,-3.2245, 3.147,  2.987, 0.810, 0.865,-3.39,-0.109, -1.8751, -4.489, -5.730,  1.8665,-1.142, -4.342, -3.4364,-12.39, -2.419, -3.30,-3.874,-3.148,-5.167, -4.133, -1.00,-4.5904, -6.17, -3.452,  4.768, -0.8247, -0.7915, -1.4502, -2.663,-3.0e+00, -4.698, -5.2900
-1.874,-2.277, 0.817,-1.004,  3.1720,  3.905, 1.939, 2.265,  4.179, 3.564,  4.336, 2.226,  3.455, -2.083, 1.254, 0.104, 1.9970,  3.491, -0.276, 2.73518,  2.979, 5.90,  3.71,  4.5925, 10.54, -0.507, 1.8587,  2.114, -0.055, 10.449,  5.94,  6.679, 0.904, 0.617, 2.017,  4.34, 3.451, 0.1592, 4.473,  6.20,  2.6525, -0.483,-2.141,  2.6092,  4.097,  5.044,  3.79,  3.130,-1.154, -1.332,-0.085,  0.1306, -4.273, -1.69, 1.549,-0.74, 6.8e+00, 3.047,  6.1445, 5.295, 2.0337,  9.366, 2.990, 4.0844, 2.542,  2.412, 4.821, 2.975, 2.47, 2.670,  4.6674,  5.615,  4.469,  4.1979, 1.179,  3.796,  2.4630,  8.77,  4.776,  5.90,-0.013, 2.773, 2.853,  3.236, -1.53, 3.3477,  5.88,  5.678, -6.096,  1.7128, -0.0942,  8.2906, 12.082, 5.9e+00,  9.585,  2.7763
-0.816, 2.953, 1.891, 1.536,  1.9225,  7.698, 5.050, 2.275,  5.754, 2.543, -0.291, 1.852,  4.919, -0.179, 2.129, 2.823, 3.6062,  7.243,  0.628, 4.54480,  4.313, 6.52,  7.13,  9.1263, -1.20,  1.595, 0.5862, -2.729, -3.168, 14.016,  7.41,  9.986, 0.883, 2.555, 4.956,  5.71, 2.014, 2.5939, 8.237,  9.30,  8.3119,  2.579, 0.726,  4.7360,  6.386,  8.289,  6.90,  6.521, 2.146, -1.961, 1.906,  3.2140, -1.475,  1.18, 3.538, 0.16, 5.7e+00, 0.779,  6.7147, 4.743, 2.5589, 15.066, 2.006, 7.8637, 3.832,  2.875, 4.765, 4.351, 5.14, 4.352,  8.0580,  7.912,  0.634,  9.0572, 2.077,  5.574,  3.5927, 12.92,  6.751,  6.57,-4.676, 4.991, 6.038,  6.157,  2.79, 5.3083,  7.94,  7.425,  4.207, 10.0515,  4.7515, 11.5191, 15.430, 7.1e+00, 11.854,  5.9027
 0.065, 6.014, 1.739, 3.761,  1.7827,  4.945, 4.586, 0.869,  6.333, 1.363, -1.366, 0.618,  3.811,  2.630, 0.625, 3.734, 2.7112,  6.849,  3.002, 6.70199,  5.293, 7.95,  8.31,  7.8762, -4.49,  1.424, 1.1457, -2.112, -0.258, 16.414,  8.51, 13.531, 1.923, 1.094, 1.287,  7.67, 2.116, 2.4405, 7.935,  8.71,  6.4368,  2.441, 1.564,  2.7862,  8.456, 10.450,  8.85,  8.117, 3.731,  1.570, 1.282,  3.5304,  3.470,  1.03, 4.522, 2.32, 5.0e+00, 2.895,  5.2580, 3.181, 5.3024,  9.417, 1.143, 8.4745, 2.692,  4.534, 5.868, 6.186, 7.79, 6.190, 11.6794,  6.280,  2.501,  8.7814, 3.131,  6.505,  5.9918, 16.24,  8.222, 10.18,-2.325, 3.004, 5.948,  9.416,  5.75, 5.0643,  9.50,  8.801,  6.804,  8.5094,  4.9433, 12.4040, 14.946, 1.0e+01, 13.658,  7.5373
 0.510, 5.923, 1.295, 3.823,  1.9716, -0.246, 2.236,-0.574,  5.752, 1.155,  0.158, 0.118,  2.414,  4.301,-0.831, 3.767, 1.1439,  4.551,  5.441, 7.06648,  4.516, 8.30,  7.49,  5.3590, -3.32,  0.547, 1.4666,  0.480,  2.926, 14.961,  8.22, 13.407, 3.516,-1.052,-2.046,  8.79, 1.766, 0.7028, 5.563,  6.79,  1.4236,  0.624, 1.466,  0.7542,  7.806,  8.819,  9.00,  8.450, 3.673,  4.188, 1.004,  2.5907,  6.584,  0.34, 3.973, 2.92, 4.1e+00, 5.052,  1.5377, 1.355, 6.6942, -0.223, 0.538, 5.7668, 0.952,  5.523, 6.397, 6.140, 7.75, 7.221, 12.7165,  3.871,  4.663,  5.4092, 3.809,  5.656,  5.9176, 14.96,  7.777, 10.82, 2.248, 0.027, 3.873, 10.541,  6.83, 2.5744,  7.79,  8.828,  3.514,  2.8270,  2.1652,  9.1309, 10.166, 1.0e+01, 11.841,  7.9846
 1.525, 0.385, 2.280, 1.771,  2.8202, -2.231,-0.088, 0.116,  4.178, 2.727,  1.643, 0.909,  2.738,  1.157,-0.249, 2.409, 0.3087,  2.788,  5.502, 4.64239,  2.303, 6.94,  5.19,  4.1511, -4.75, -0.043,-0.0913,  0.800,  0.270,  5.101,  5.40,  5.841, 7.144,-2.161,-3.750,  6.03,-3.019,-1.8619, 1.506,  5.45, -1.7940, -1.235, 1.446, -2.0973,  0.364,  0.701,  7.31,  6.458, 1.332, -1.237, 3.314,  2.2537,  7.929,  2.34, 1.118, 0.38, 9.8e-01, 3.769, -3.2747, 0.912, 4.5388, -8.816, 0.336,-1.1507, 0.569,  3.436, 4.463, 3.705, 3.95, 6.973,  8.6599,  4.377,  0.826,  0.9981, 2.130,  1.086,  0.0738,  3.90,  4.706,  2.53, 6.265,-1.135,-1.230,  5.762,  5.84,-2.0095, -0.31,  6.003, -1.662, -4.3178, -1.5912, -1.8496, -0.136, 5.6e+00,  6.554,  6.4825
 2.594,-4.007, 3.046, 0.184,  3.5355, -1.927,-1.440, 1.144,  2.242, 3.328,  1.750, 1.679,  3.068, -1.301, 0.668, 0.773,-0.2307,  1.340,  4.642, 2.54320,  0.891, 4.19,  3.05,  3.3622, -7.54,  0.579,-1.7696, -0.087, -2.411, -3.990,  1.34, -1.928, 8.576,-1.318,-3.752,  2.78,-6.550,-2.1119,-1.344,  4.59, -2.8248, -1.840, 1.061, -3.4031, -6.055, -5.535,  4.41,  4.409,-0.018, -5.344, 4.980,  2.4632,  8.095,  3.76,-1.540,-1.74,-2.6e+00, 1.188, -5.2038, 1.362, 1.7039,-11.121, 0.137,-5.9698, 0.244,  0.765, 1.541, 1.284, 0.70, 5.310,  3.8413,  5.602, -4.322, -2.2274,-0.704, -3.253, -5.0413, -5.62,  1.038, -5.20, 6.223,-0.359,-5.344,  0.675,  4.59,-4.2503, -6.09,  3.094, -4.318, -7.4910, -2.5136,-10.3623, -8.105, 7.5e-01,  1.689,  5.0319
 2.687, 0.421, 1.830, 0.446,  2.3257, -0.643,-0.752, 0.785,  0.505, 1.195,  1.302, 1.945,  2.179,  1.885, 0.889, 0.432,-0.6578, -0.346,  4.327, 1.85107,  1.787,-0.84,  1.52,  3.1195, -5.05,  3.141,-2.4059,  0.070, -0.119, -3.828, -2.88, -3.043, 2.014, 1.616, 2.176,  1.81,-2.417, 1.7183,-0.024,  3.16, -1.6295, -0.452, 0.397,  4.4481, -2.618, -2.250,  2.18,  4.444, 1.943,  0.523, 3.786,  2.3221,  3.518,  2.15,-1.502,-0.51,-1.9e+00,-2.342, -0.5771,-0.822,-0.5999, -3.607,-0.521,-3.4438,-1.093, -0.619,-1.295,-0.936,-0.53, 0.861,  0.8473,  4.936, -3.641, -1.8602,-1.823, -3.065, -3.8836, -3.46, -2.215, -4.19,-1.216, 1.361,-3.217, -0.223,  3.91,-1.0771, -3.15,  2.453, -4.338, -1.5261, -0.0246, -5.6016, -5.670,-2.9e+00, -1.669,  4.0233
 1.603, 4.819,-0.152, 0.603, -0.1263,  0.065,-0.130, 0.533, -1.604,-0.881,  1.132, 1.580,  0.109,  5.249, 1.160, 0.714,-1.2490, -2.225,  2.087,-0.55525,  2.444,-5.83, -1.01,  2.4609, -1.61,  4.227,-2.0870,  0.684,  1.721, -2.781, -5.93, -2.738,-5.091, 4.052, 7.519,  0.26, 2.091, 4.4188, 1.042, -0.10,  0.0509,  1.071,-0.149, 11.5664,  1.840,  1.424,  1.17,  2.403, 2.521,  5.419, 1.392,  1.1293, -2.589,  1.46,-0.974, 1.87, 3.6e-01,-4.352,  3.8066,-4.093,-2.9324,  2.725,-1.316,-0.7889,-2.108, -2.074,-3.713,-3.145,-2.21,-4.011, -2.8611,  2.304, -2.092, -1.7927,-1.542, -2.639, -2.5813, -0.86, -4.723, -2.66,-6.169, 2.092, 0.249, -0.983,  4.17, 1.3415, -0.37,  1.039, -3.878,  3.8791,  0.7210,  0.1840, -2.053,-5.8e+00, -4.458,  0.1934
-0.436, 1.483,-1.698,-0.723, -2.3059, -0.998,-1.404, 1.128, -4.523,-2.326,  0.621, 0.222, -3.141,  5.533, 1.494, 0.977,-2.1442, -3.878, -3.388,-5.05197,  1.165,-8.11, -4.92,  0.9480, -4.49,  1.809,-0.6881,  0.160, -0.105, -5.778, -6.15, -4.756,-6.246, 5.333, 6.499, -2.63, 1.644, 3.7135,-0.724, -4.77,  1.3311,  1.732,-0.571,  6.1645, -0.871, -2.261,  0.45, -3.619, 0.027,  2.544,-1.233, -0.7340, -5.410,  2.97,-1.561, 3.82,-5.8e-01,-2.313,  2.6476,-3.650,-5.0303,  3.399,-1.777,-1.5682,-1.938, -3.411,-5.050,-4.138,-4.09,-6.192, -7.9337, -1.216, -5.807, -4.4704,-1.420, -4.559, -4.7774, -4.70, -5.207, -4.97,-2.914, 2.334, 1.353, -2.974,  5.33, 0.1595, -1.58, -2.350, -1.451,  3.0646, -0.9387, -2.3993, -4.967,-6.8e+00, -6.274, -5.7948
-2.650,-7.122,-1.590,-2.177, -3.1798, -3.654,-3.671, 2.223, -7.097,-5.881, -0.631,-1.884, -7.089,  5.564, 0.731, 1.020,-2.4098, -3.686, -9.335,-8.25706, -1.127,-6.73, -8.48,  0.3174,-14.27, -1.110, 1.8786, -0.764, -1.647, -7.268, -2.19, -7.477,-2.733, 8.362, 2.129, -2.73,-0.890, 2.2362,-2.754, -8.45,  2.4498,  2.141,-1.459,-11.9210, -9.576,-12.356, -1.08,-10.126,-2.022, -2.809,-3.427, -1.6224, -4.101,  4.48,-2.508, 6.05,-5.0e+00, 3.901, -2.5722, 4.220,-6.1722,  4.991,-1.997,-2.3037,-0.699, -1.772,-2.932,-2.554,-3.95,-4.225,-11.6181, -2.760,-15.513, -6.9340,-2.127, -5.484, -6.4263, -8.99, -2.010, -5.35, 3.687, 5.103, 1.921, -0.663,  7.48,-1.3891, -0.74, -5.225,  6.092,  0.7490, -1.0606, -9.0649,-12.038,-5.7e+00, -5.360, -9.1827
-3.778,-4.069, 1.426, 1.650, -1.8342, -2.966, 3.269,-1.800, -0.055,-2.692, -2.107, 1.542,  2.842, -8.888,-1.832, 3.183, 1.8350,  3.324, -1.370,-3.83632, -6.269,-3.13,  1.39,  0.4097,-13.30,  0.302,-0.7189, -6.053, -3.613,-11.351, -4.38, -0.246,-3.168,-2.729,-7.409, -1.47,-3.974,-2.2473,-3.579, -1.52,  1.7078,  1.427, 0.289,  1.6426, -3.836, -0.829, -5.97, -2.440,-1.838, -5.570, 0.518,  0.3373, -3.196, -1.84, 3.298,-2.48, 2.9e+00, 2.755, -2.1998, 2.405, 1.6524,-10.445,-1.580,-1.4566, 1.683,  2.848, 1.623, 1.987,-4.79,-0.931,  0.6335,  1.074, -4.883,  7.2544,-0.978, -1.370, -0.6545, -9.92, -3.825,  3.90,-4.551,-2.543,-3.432, -1.081, -0.70,-2.6301, -0.64,  1.923,  3.081, -1.9184, -1.1958,  0.3021,  4.073,-7.5e-01, -1.669, -2.0307
-1.513,-3.939, 1.123, 0.919, -0.1198, -3.194, 1.577, 0.496,  1.226,-0.210,  0.190, 0.715,  2.433, -5.565,-1.898, 3.072, 0.0077,  1.697, -1.013,-3.55191, -3.888,-3.50,  0.96,  3.1201, -3.18,  3.165, 0.0795, -1.471,  0.059, -8.906, -3.71, -0.903,-1.181,-0.318,-7.238,  2.16,-3.890,-1.0462,-2.759,  1.34,  3.1308,  0.482, 0.350,  0.4805, -4.232, -1.984, -2.52, -0.110, 1.122, -2.832, 1.900,  0.4821, -1.103, -2.06, 1.198, 0.58, 1.9e+00, 0.538, -1.7387, 2.911, 1.0843, -6.688,-1.508,-0.9831,-0.923,  0.776,-0.249, 1.421,-2.57,-0.268, -0.0069,  4.249, -2.823,  6.1461, 0.135,  1.424,  0.4364, -7.31, -2.528,  4.27,-1.965, 1.599,-3.722,  2.010,  5.47,-0.8177, -1.28,  3.424,  1.045, -5.8524, -1.8480, -2.0151,  0.830,-3.9e-01, -0.629,  1.9310
-0.067,-0.904,-0.154,-0.666,  0.0035, -3.073,-1.285, 2.492,  1.942, 2.152,  1.038,-0.311,  0.599, -1.188,-2.282, 1.068,-2.7310, -2.057, -1.654,-3.30181, -1.573,-4.35, -1.52,  2.4483,  9.41,  5.127, 1.4841,  3.413,  4.207, -5.857, -3.91, -3.532, 1.388, 1.286,-6.899,  2.73,-2.305,-0.3805,-3.190,  0.71,  3.8006, -1.242,-0.423, -2.4020, -2.871, -2.927, -1.45, -0.515, 2.656,  2.260, 2.131, -1.0611,  1.011, -2.87,-2.147, 3.97,-1.6e+00,-1.650, -3.4387, 2.161,-0.1494,  0.498,-2.157,-0.9383,-3.716, -2.418,-2.596,-0.544,-1.44,-1.014, -2.6008,  3.985,  0.500,  2.9190, 1.793,  2.676,  1.5510, -4.96, -2.393,  2.36, 2.221, 4.330,-4.689,  3.086, 11.65, 0.2415, -3.98,  0.388,  0.087, -9.4741, -4.1356, -3.7534, -3.734,-2.1e-01, -1.059,  2.0226
-1.616, 0.518,-0.429,-0.355,  0.6790, -0.147,-1.064, 2.640,  4.041, 4.671,  0.692, 0.941,  0.882, -1.194,-2.575,-0.950,-2.3035, -3.593, -0.237,-0.13374, -2.721,-2.58, -2.19, -0.2384, 10.25,  3.413, 1.5581,  4.713,  5.221, -2.840, -4.15, -3.352, 1.584,-1.035,-4.553, -0.56, 1.103,-1.9441,-2.252,  0.65,  3.1227, -1.642,-1.767,  1.1537,  1.770,  1.580, -1.37, -1.876,-0.715,  3.271, 1.360, -2.7265,  1.570,  0.25,-2.854, 2.03, 2.8e-04, 1.228, -4.8250, 0.878, 0.7475, -0.382,-1.826, 0.0714,-3.479, -3.091,-2.128,-1.336,-2.03,-1.694, -2.1029,  1.948,  3.407,  0.8922, 1.949,  1.503,  2.0937, -2.57, -3.890,  1.04, 3.883, 0.828,-4.254,  0.411,  7.56,-0.1026, -2.71, -0.776,  3.150, -6.5476, -5.5349,  1.5084,  2.338, 3.0e+00,  1.300, -1.8664
-1.982,-0.154, 0.030, 0.354,  2.7427,  2.666, 0.268, 1.417,  5.220, 6.580,  0.727, 2.148,  2.360, -2.618,-1.867,-1.817,-0.1276, -1.348,  2.923, 4.48935, -2.881, 1.73, -1.19, -1.4384,  4.39,  0.167, 0.2246,  3.989,  4.074,  1.131, -1.15, -0.452, 0.794,-3.190,-2.282, -3.12, 4.058,-3.4982,-0.771,  1.53,  2.4444, -0.625,-1.490,  3.8561,  4.529,  5.840,  0.65, -1.095,-3.688,  1.834, 0.288, -2.3627,  2.651,  3.71,-1.631,-1.50, 3.8e+00, 4.849, -4.4978,-0.437, 1.9091, -3.064,-0.039, 1.5019,-1.011, -0.405, 0.553, 0.090,-0.67,-0.198, -0.1603,  0.181,  3.858, -1.1734, 0.454,  0.301,  1.7364,  1.24, -2.634, -0.13, 2.655,-2.097,-2.040, -2.945,  1.22, 0.0209,  0.33,  0.919,  6.866, -0.2427, -3.9204,  6.5226,  7.566, 5.3e+00,  4.150, -2.2093
 1.453, 0.360, 0.470, 0.587,  3.8617,  2.174, 1.383, 2.471,  4.486, 4.964,  3.048, 2.018,  3.926, -0.763,-0.167,-0.386, 0.8339,  1.901,  3.970, 5.20309,  1.147, 3.84,  1.54,  0.3455,  3.57, -0.024, 0.5766,  3.888,  3.309,  8.587,  3.47,  0.249, 0.799, 0.721, 2.193, -0.75, 4.794,-1.7282, 2.149,  2.61,  3.2587,  0.662,-0.324,  3.4556,  2.557,  4.371,  1.10,  2.932,-0.456,  2.583, 0.464,  0.2492,  4.879,  2.87,-0.481, 1.62, 4.7e+00, 3.429, -2.1501,-0.463, 2.4465,  1.558, 1.022, 3.0694, 0.394,  2.624, 2.358, 1.872, 1.93, 1.485,  1.9494,  0.999,  1.367, -1.9989, 0.874,  2.413,  1.6785,  7.99,  2.595,  1.04, 2.739, 1.373, 3.348, -0.596,  1.67, 1.6962,  3.28,  2.371,  5.940,  4.7372, -0.6708,  6.1219,  4.130, 2.2e+00,  3.719,  3.4851
 4.452, 1.409, 0.573, 0.941,  3.3839,  1.077, 1.973, 4.109,  3.781, 2.104,  5.300, 2.435,  5.021,  0.937, 1.112, 2.075, 0.3345,  1.997,  2.862, 2.62053,  4.185, 2.74,  4.73,  1.2516,  6.57,  1.289, 2.3106,  4.277,  2.856, 13.597,  4.78, -0.979, 0.969, 5.122, 7.136,  1.79, 4.291, 1.2018, 5.634,  3.68,  5.7069,  2.235, 0.741,  5.6062,  1.768,  2.814, -1.47,  6.616, 4.219,  4.170, 1.266,  2.3680,  6.752,  0.52,-0.036, 5.58, 3.7e+00, 0.927,  0.0771, 0.672, 3.2755,  5.643, 0.730, 3.8963,-0.051,  2.218, 1.428, 1.429, 3.08, 1.400,  4.7609,  1.724,  0.764, -1.4230, 2.826,  5.164,  1.5735, 12.20,  5.442,  1.84, 4.554, 4.460, 7.342,  2.988,  2.43, 2.8593,  5.26,  2.743,  2.769,  6.9510,  2.0253,  4.5012,  2.365,-1.2e-01,  1.442,  7.5755
 4.262,-0.442, 0.255, 0.836,  2.9722,  2.207, 1.089, 2.612,  2.966, 1.326,  5.501, 2.458,  3.615, -1.045, 1.731, 3.387,-0.1414, -0.040,  3.157, 0.69207,  1.652, 1.32,  4.95, -1.3459, 10.62,  2.567, 3.4740,  4.842,  3.742, 10.904,  2.94, -0.013, 1.354, 4.343, 5.421,  1.61, 2.591, 2.6245, 5.219,  3.53,  5.9297,  2.082, 0.867,  8.4184,  4.024,  3.680, -3.40,  6.264, 4.930,  4.615, 1.354,  1.6525,  7.321,  1.06, 0.499, 3.56, 2.2e+00, 0.881,  2.1761, 1.460, 3.0651,  3.143, 1.449, 1.3531,-0.124,  0.422,-0.392,-0.594, 3.21, 0.683,  5.0915, -1.470,  4.837, -0.7657, 3.774,  4.682,  1.9306,  9.70,  3.203,  0.52, 5.467, 2.106, 3.690,  2.317, -0.03, 2.9545,  4.34,  2.776,  1.495,  3.4042,  3.9214,  3.7215,  5.279, 4.1e+00, -0.735,  6.6533
-0.356, 2.711, 0.666, 1.635,  3.9084,  4.125, 2.451, 2.877,  1.205,-0.108,  2.949,-0.332, -0.583,  7.508, 1.273,-1.963, 2.0293,  0.782,  0.457, 1.93058,  2.815, 0.37,  0.62,  2.6059,  2.94,  1.790,-1.4450,  4.417,  3.657, 10.212,  1.28,  3.908, 1.770, 2.469, 1.530,  1.80, 2.656,-0.0053, 2.296,  3.10,  2.9428, -0.618,-3.174,  0.6705,  0.652,  0.339,  6.36,  3.388, 0.146,  2.853, 0.573,  1.7450,  4.016,  7.80, 0.585, 3.69, 9.1e-01,-0.703,  2.1935,-2.082,-0.6916, 14.061, 1.434, 2.2858, 1.805, -0.275,-0.677,-0.077, 0.29,-0.012,  1.5673,  3.208,  1.078, -0.4186,-1.301, -0.966,  0.2272, 10.13,  1.689,  2.13, 4.365, 1.187, 1.790,  2.053,  3.86, 2.1580,  3.01,  0.916, -1.661,  5.2084,  0.0771,  2.3448, -0.204,-2.2e+00,  4.262,  2.8614
 2.678,-3.405, 0.431, 0.061,  3.0991,  3.854, 0.113, 0.877,  1.651, 1.327,  5.386, 1.372,  1.405, -2.710, 2.368, 3.183, 0.3811, -0.500,  3.325, 0.08460, -2.237, 0.49,  3.08, -3.4729, 12.78,  3.698, 3.6229,  4.569,  3.689,  5.888,  1.53,  2.707, 1.864, 2.465, 2.087,  0.93, 0.532, 3.3373, 2.874,  2.46,  3.2836,  0.216, 0.510,  8.4252,  4.657,  3.779, -3.09,  4.034, 3.250,  4.075, 1.734, -0.0624,  6.525,  3.45, 1.593, 1.00, 1.4e+00, 1.413,  4.2879, 2.024, 2.0800, -0.506, 3.087,-1.7788, 0.883,  0.429,-1.661,-1.775, 2.84, 0.197,  3.2560, -5.149,  7.093, -0.1218, 4.006,  2.570,  2.1482,  5.57,  0.740,  0.14, 5.334,-0.020,-1.494,  0.563, -1.57, 3.0707,  2.38,  2.798,  1.524, -1.6822,  4.5073,  3.5652,  7.407, 9.0e+00, -2.851,  4.5222
 1.471,-3.740, 0.928,-0.268,  3.2303,  4.343,-0.636, 0.797,  0.582, 0.616,  4.218, 0.762,  1.828, -1.155, 2.541, 1.611, 0.1138, -0.511,  1.576, 0.72216, -2.386,-0.81,  1.79, -0.3861,  6.26,  2.939, 0.5971,  1.847,  0.607,  1.275, -0.17,  4.734, 1.178, 0.509, 3.098,  1.50,-1.301, 3.0469, 2.003,  1.71, -2.0768, -3.718,-1.007,  3.7772,  0.089,  1.862, -0.26,  2.100, 0.721,  1.169, 2.987, -0.6070,  4.318,  4.06, 1.057, 0.11, 2.9e+00, 1.120,  3.7287, 2.585, 1.7477, -5.464, 3.444,-2.2750, 0.443,  0.191,-2.105,-1.701, 1.22,-0.852,  2.4786, -3.125,  2.786, -0.5196, 2.116,  0.018,  0.4492,  2.06, -0.941,  3.07, 3.126,-0.361,-2.922,  0.888, -2.68, 1.6944,  0.26,  3.379, -2.309, -5.2359, -0.0029,  3.0527,  4.801, 6.8e+00, -1.606,  2.5503
 0.721,-3.814, 0.369,-0.311,  1.8087,  2.858,-2.318, 0.292, -1.045,-0.505,  1.980, 0.392,  2.465,  1.039, 2.544,-0.544,-1.4855, -2.098, -0.659, 0.53641, -1.032,-2.76,  0.37,  3.1759, -3.35,  0.374,-3.6705, -1.145, -2.757, -4.855, -3.39,  3.454,-0.913,-1.723, 4.568,  0.80,-2.836, 1.6015, 0.995, -0.17, -7.8578, -8.201,-3.158, -1.7698, -5.996, -1.812,  2.33,  0.066,-1.856, -3.213, 3.132, -0.6541,  0.383,  2.23,-1.717,-1.78, 3.3e+00,-0.382,  0.6564, 2.095, 1.3309,-10.388, 2.278,-2.1352,-1.761, -2.016,-3.062,-2.547,-1.14,-2.621,  1.3327,  0.557, -2.472, -2.6663,-1.353, -2.939, -2.7543, -3.30, -3.577,  4.39,-0.335,-1.542,-3.776, -0.084, -4.56,-0.8992, -3.29,  2.446, -9.117, -8.3337, -6.1131,  0.1874, -1.514, 1.3e-01,  0.615,  0.0303
-0.799,-6.507,-2.582,-1.645, -2.2120, -0.968,-5.265,-0.235, -3.866,-2.000,  0.619,-0.116,  0.786,  3.232, 2.804,-1.316,-2.7744, -5.287, -1.888,-1.58551, -2.221,-5.54, -1.84, -0.1776, -6.98, -2.115,-5.2011, -2.414, -4.243,-12.993, -8.49, -3.665,-3.653,-1.360, 3.654, -4.13,-2.872, 0.6380,-1.498, -4.01,-10.3453, -9.416,-3.815, -3.5243, -8.784, -5.496, -0.95, -1.876,-4.228, -6.959, 0.390, -1.3731, -5.501, -1.16,-4.880,-3.09,-9.2e-01,-3.565, -1.4317,-0.410,-0.7727, -5.713, 0.838,-2.0511,-3.781, -5.039,-5.444,-4.909,-4.12,-4.373, -1.9363, -1.267, -5.256, -5.7994,-4.147, -6.203, -6.1807,-11.42, -8.359, -2.83,-2.792,-2.369,-4.550, -5.925, -3.83,-1.8176, -6.19, -1.406,-13.325,-10.7887, -7.8099, -5.2387, -9.160,-6.1e+00, -2.531, -1.5136
-2.491,-8.052,-4.571,-3.037, -5.9681, -3.972,-7.030,-0.079, -5.999,-3.717, -0.652,-0.239, -1.279,  4.954, 2.889,-1.183,-2.8032, -7.431, -2.051,-3.01889, -4.589,-7.65, -3.01, -5.8623, -5.89, -3.190,-4.5310, -2.961, -4.840,-19.344,-12.68,-11.070,-5.385, 0.525, 2.349, -9.01,-1.975, 0.3795,-3.399, -6.00, -9.0495, -7.512,-2.472, -3.4737, -8.536, -6.531, -6.99, -3.029,-5.751, -9.513,-1.989, -1.4316,-10.184, -3.74,-5.793,-3.03,-5.7e+00,-6.233, -1.6653,-2.855,-2.9338,  2.664,-0.090,-0.9912,-4.224, -6.878,-6.788,-6.485,-6.81,-5.072, -3.4610, -6.062, -6.314, -5.9870,-5.406, -7.338, -7.2543,-18.09,-12.641,-12.31,-3.562,-1.619,-4.327,-11.234, -2.30,-1.4752, -6.33, -4.064,-13.495,-10.9405, -6.2227, -8.9835,-13.229,-9.7e+00, -7.904, -1.4484
-0.730,-3.457,-1.225,-1.016, -6.3522, -0.917,-4.056,-1.799, -5.295,-5.339, -4.572,-1.288, -1.770,  3.711, 2.945,-3.274,-0.9660, -3.897, -1.273,-1.04137, -2.598,-3.65, -0.75, -5.2117,  2.67, -4.240,-1.7997, -3.301, -5.407,-19.510, -9.17, -7.947,-2.910,-0.711,-1.120, -6.88,-1.498,-1.9209,-4.507, -4.42, -5.4682, -3.977, 0.803, -6.7157, -4.950, -3.132, -5.89, -3.983,-3.686,-10.212,-1.937, -0.0054,-10.707, -5.61,-1.960,-3.59,-6.5e+00,-5.752, -0.0063,-1.859,-1.9953,  5.514,-0.821, 0.0567,-1.697, -5.322,-1.605,-4.020,-4.98,-1.957, -0.2373, -8.029, -0.443,  0.5859,-2.998, -0.498, -1.1689,-18.92, -9.901,-11.11,-1.984,-0.768,-5.000, -8.314, -6.96,-2.0183, -6.06, -4.264,-12.435, -6.6233, -1.3133, -6.1728, -6.793,-6.0e+00, -5.046, -1.0286
 2.307, 3.271, 3.253, 2.455, -5.8886,  3.830, 1.269,-3.995, -3.190,-7.316, -8.809,-3.392, -2.324,  0.943, 2.180,-6.356, 1.7051,  2.711, -1.064, 1.56596,  1.792, 2.62,  1.14, -2.0239, 13.94, -5.108, 1.9732, -2.690, -5.381,-14.466, -1.66,  0.621, 1.641,-2.885,-5.622, -2.44,-0.843,-5.5739,-5.222, -3.03, -2.8265, -0.661, 3.220,-10.3259,  0.201,  1.206, -1.34, -5.809,-0.721, -9.413,-1.645,  0.4213,-10.072, -7.26, 3.376,-4.22,-5.6e+00,-3.857,  2.5571, 0.863, 0.2256,  3.850,-1.543,-0.4574, 2.217, -1.232, 6.153, 0.309,-0.52, 1.961,  2.4697, -7.113,  8.915,  8.8630, 1.958,  9.517,  7.8244,-14.87, -3.298, -3.01, 0.439,-0.424,-5.636, -1.878,-15.20,-3.1549, -6.66, -5.542,-10.106, -1.4467,  3.9965, -0.0631,  4.685, 1.9e+00,  2.264, -2.4477
 2.051, 6.851, 3.267, 3.377, -5.2714,  3.096, 3.875,-3.226, -1.722,-7.845, -7.313,-4.160, -4.139, -1.554,-0.572,-4.756, 2.2341,  5.171, -0.160, 2.22486,  1.756, 3.71, -1.25, -1.1637, 17.11, -2.627, 3.1322, -0.360, -1.349, -3.790,  1.69,  5.288, 3.016,-2.634,-7.545, -0.67,-0.232,-6.0713,-3.172, -0.20, -1.8973, -0.227, 1.479, -7.0368,  4.222,  4.148,  0.15, -6.361,-0.736, -6.319,-1.506, -0.5082, -5.176, -2.27, 5.215,-3.95,-4.4e+00,-1.450,  3.5161, 1.015, 0.1545, -4.279,-0.761,-2.3848, 3.483,  1.642, 9.427, 3.533, 1.59, 2.123,  0.6913, -2.992, 11.391, 10.8264, 3.848, 10.677, 10.3281, -5.10, -0.052,  1.33, 1.530,-1.598,-3.684,  1.388,-15.65,-3.8218, -4.43, -5.411, -2.393, -3.2248,  3.0941,  1.9287, 10.253, 6.7e+00,  5.765, -5.9682
-0.024, 7.669, 1.585, 2.437, -3.5164, -0.396, 3.823,-1.842, -1.626,-5.767, -3.244,-4.183, -5.911, -3.854,-2.829, 0.028, 0.7251,  3.188,  0.541, 0.54526, -1.978, 1.31, -4.60, -0.9582, 12.11,  1.107, 1.8831,  1.601,  3.707,  7.575,  1.59,  4.643, 1.195,-1.216,-6.234,  0.46,-0.504,-3.2409, 0.366,  3.12, -1.0146, -0.281,-1.355, -0.1748,  5.059,  3.089, -0.90, -4.661,-0.975, -1.494,-0.468, -0.3794,  2.586,  6.31, 4.193,-3.14,-3.1e+00, 1.092,  2.1481, 0.163,-1.6746,-11.292, 0.578,-2.8733, 2.213,  1.741, 8.373, 4.904, 1.01, 0.369, -2.3348,  1.716,  6.963,  8.5682, 2.068,  5.768,  7.7065,  6.22,  1.166,  1.78, 1.844,-3.305,-0.062,  2.750, -8.20,-3.2707,  0.19, -3.441,  6.593, -6.1295, -1.9459, -0.4338,  7.541, 6.5e+00,  5.018, -8.3668
-0.537, 5.876, 2.857, 1.516, -2.1906, -0.900, 1.986,-3.235, -2.630,-3.492, -4.203,-3.683, -4.845, -4.764,-2.711, 1.876,-1.3180,  0.226, -1.272,-1.01990, -1.459,-0.63, -4.92,  0.0782,  1.35,  1.357, 0.0461, -0.271,  1.650,  8.491,  0.26,  2.725,-1.193,-1.953,-3.276,  0.27,-0.935,-0.6334,-0.363,  0.56, -0.5440,  3.259,-0.607,  1.6541,  3.877, -1.189, -0.59, -3.682, 0.621,  0.093, 1.772,  1.8041,  3.324,  6.34, 3.011,-3.48,-3.7e+00, 1.958,  2.1387, 0.013,-2.9085, -5.971, 0.764,-1.6575,-0.272, -0.317, 4.880, 4.256, 0.96,-0.341, -3.7538,  2.668,  1.031,  7.3786,-0.815,  3.628,  4.5665,  9.05,  2.294,  4.02, 1.411,-3.677, 1.128,  1.765, -3.99,-1.7172,  1.01, -3.026,  6.185, -2.0362, -5.0629, -1.7652,  6.219, 5.5e+00,  3.363, -7.5932
-0.141, 3.031, 0.269, 1.767,  3.2110,  4.449, 2.361, 2.152,  2.555, 0.211,  2.993,-0.186, -0.015,  6.692, 1.335,-0.532, 2.1520,  0.958,  0.706, 2.15324,  3.636, 1.41,  1.15,  3.3395,  1.25,  1.177,-1.1994,  2.650,  1.972, 10.519,  2.80,  6.851, 1.169, 3.655, 1.400,  2.36, 2.083, 1.2843, 2.442,  3.51,  3.9692,  1.600,-1.088, -0.0053,  2.225,  2.064,  9.25,  3.113, 1.102,  3.801,-0.144,  0.9300,  3.765,  5.84, 1.936, 3.75, 1.0e+00,-0.130,  2.6109,-0.748,-0.9039, 13.916, 2.510, 1.1741, 2.738,  0.742, 1.590, 1.258, 1.53, 1.267,  1.7593,  4.107,  0.482,  1.3615,-1.980, -1.171,  0.8522,  9.82,  3.339,  3.96, 0.650, 1.887,-0.332,  1.811,  4.36, 2.7126,  2.97,  1.388,  1.764,  6.4271,  3.3141,  4.3855,  3.222, 1.7e+00,  7.954,  1.8573
 0.826, 2.760, 6.040, 1.265, -1.6191,  0.156,-0.115,-4.460, -3.395,-4.005, -5.941,-1.831, -3.407, -3.101,-2.715, 0.728,-2.0530, -0.814, -1.841, 0.00896,  2.672,-0.60, -4.37,  0.3235, -4.38,  1.459,-0.6671, -0.469, -1.523,  5.074, -0.23,  3.816,-2.647,-3.552,-0.311, -0.97, 1.177, 0.0442,-2.532, -2.26, -0.8386,  5.383, 0.502,  0.5467,  3.578, -2.462,  1.62, -4.094, 2.159, -0.621, 4.821,  4.4617,  0.210,  1.22, 2.464,-4.63,-5.0e+00, 1.878,  4.0536,-0.264,-2.9531,  2.645, 0.675,-0.4944,-2.065, -1.136, 2.301, 3.092, 2.50, 0.122, -3.8326,  1.259, -0.386,  7.4095,-2.510,  4.597,  2.8544,  7.03,  3.144,  7.89,-0.031,-3.769, 1.193, -0.065, -7.47,-0.0696,  1.34, -2.096,  0.802,  1.8160, -5.0903,  0.0718, 10.435, 6.1e+00,  3.337, -5.6275
 1.520, 0.673, 4.813, 0.352, -0.5638,  1.057, 0.554,-2.377, -3.446,-5.267, -1.099,-0.167, -4.350,  0.926,-2.547,-0.560, 1.0594,  1.388,  0.270, 1.17177,  2.191, 1.54, -4.78, -2.7333,  2.88,  2.756, 0.5804,  3.813,  1.682,  5.871,  2.14,  4.313,-3.268,-1.449, 2.510, -2.65, 4.721, 0.9059, 0.610, -0.39,  0.7724,  2.273,-0.974,  1.8997,  2.523, -1.161, -0.36, -4.029, 2.331,  1.447, 3.477,  2.7945,  0.615, -1.36, 1.836,-5.20,-5.3e+00, 1.076,  2.9627, 0.954,-2.5205,  3.963, 0.574, 1.8984,-0.298,  1.291, 3.022, 1.494, 2.37, 1.167, -3.0902, -1.967,  5.275,  5.3482,-1.880,  5.184,  3.8110,  6.41,  4.189,  5.84,-3.361,-2.570, 2.795, -0.836,-10.75, 1.9751,  5.34, -0.739,  2.602,  1.7119, -1.7019,  1.0673,  8.663, 3.1e+00,  1.437, -4.8465
 0.354, 0.577, 1.004,-0.331,  1.9551,  2.861, 4.042, 0.747, -0.804,-3.326,  4.496, 1.158, -3.735,  3.226,-1.172,-0.036, 6.0915,  5.302,  2.488, 1.84700,  0.069, 3.94, -2.93, -4.6096,  8.07,  4.851, 2.3865,  5.171,  5.440, 10.211,  5.82,  2.318,-2.581, 2.835, 5.775, -2.53, 4.379, 3.0265, 6.221,  2.76,  3.2199,  0.139,-1.723,  5.5140,  0.950, -0.634, -5.41, -1.393, 2.195,  5.131,-0.183, -0.7094,  1.954, -1.98, 2.741,-4.06,-4.5e+00,-0.013,  0.0183, 3.540,-1.0889,  1.639, 0.209, 4.4703, 4.041,  5.736, 5.704, 0.553, 1.83, 2.716, -0.8336, -3.004,  8.860,  4.1922, 0.435,  4.800,  6.0396,  9.22,  6.103,  2.55,-5.747,-0.029, 4.920,  0.445, -8.73, 3.6212,  8.85,  0.591,  8.706,  3.6140,  2.6915,  2.1220,  1.789,-9.6e-01, -2.165, -2.5407
-0.028, 2.126, 0.212, 0.533,  4.3358,  2.659, 4.791, 0.640,  2.845, 1.606,  3.720, 2.239, -0.493,  0.595,-1.216, 1.061, 5.2784,  4.614,  3.126, 3.27091,  3.021, 3.91,  1.84,  3.1073,  0.92,  5.617, 0.9826,  1.232,  3.491, 10.660,  6.98,  4.643, 0.172, 1.851, 5.207,  3.24,-0.672, 2.3110, 5.893,  5.72,  6.2959,  4.264, 2.142,  4.4835,  2.426,  1.548,  2.16,  5.211, 3.034,  5.843,-0.059, -0.2075,  0.960, -0.86, 3.311,-2.23,-4.5e-01, 0.810, -1.1967, 2.223, 0.9613, -1.188,-0.999, 3.1706, 3.831,  6.108, 2.619, 0.588, 4.55, 3.652,  3.0652,  4.559,  4.760,  3.9018, 0.854,  2.879,  3.2772, 10.67,  6.544,  2.05,-3.659,-0.138, 4.273,  4.825, -2.96, 0.9424,  6.67,  3.513,  9.327,  8.9817,  7.2839,  1.9744,  0.705, 4.0e-01, -0.018,  3.6776
 0.293, 1.860, 0.077, 0.900,  4.4210, -1.031, 1.243,-2.971,  1.927, 3.584,  0.212, 1.749,  0.058, -3.292,-2.923, 0.538,-0.2053, -0.352,  2.127, 3.03097,  4.933, 2.24,  4.25, 11.2723, -7.21,  2.760,-3.5431, -1.193,  0.549,  5.163,  5.14,  8.789, 0.885,-3.116,-0.074,  8.77,-3.910,-1.2950, 1.634,  6.71,  7.3951,  6.760, 4.804, -2.4598,  2.589,  3.440, 15.01, 10.687, 3.713,  4.588, 0.691,  1.2899, -0.854,  0.65, 0.167,-1.43, 4.1e+00, 2.682, -2.3968,-1.104, 1.7394, -1.712,-2.665, 1.6674,-0.741,  2.183,-4.683, 0.048, 6.82, 2.982,  5.4736, 12.012,  0.396, -0.0947,-2.500, -1.003, -3.1456,  6.65,  4.277,  0.80,-1.734,-2.535, 1.902,  8.670,  1.64,-2.2397,  3.93,  5.220,  4.244, 10.7654,  9.9329, -2.1752,  0.079, 1.7e+00,  5.052,  8.5075
-1.299,-0.476,-1.692,-0.102,  2.2488, -3.592,-2.545,-4.781, -2.770, 0.413, -1.562, 1.014, -1.555, -3.404,-2.504,-0.755,-3.7984, -3.104, -0.207,-0.00018, -0.163, 0.26,  0.80,  8.3749, -8.60, -1.901,-5.1991, -1.129, -0.848, -0.413,  0.75,  4.438,-2.011,-3.288,-3.355,  5.79,-1.675,-1.9345,-0.346,  2.82,  3.7880,  1.451, 0.961, -5.4068, -1.770,  1.254, 11.74,  7.997, 1.305,  2.761,-1.749, -0.5365, -1.562,  0.34,-4.250,-0.94, 4.4e+00, 3.107, -5.1443,-0.940, 1.1358, -1.387,-2.704, 2.9737,-4.013, -1.827,-6.220,-0.724, 3.29,-0.026,  2.8919,  9.029, -0.808, -5.2269,-4.177, -4.672, -6.3472,  0.65,  0.169, -0.56,-2.518,-1.770, 1.267,  5.692,  4.56,-0.8322,  4.30,  1.629, -0.506,  7.0204,  5.3389, -3.3810, -4.937,-2.2e+00,  5.438,  4.6238
-3.059,-3.008,-2.397,-0.926,  1.2922, -3.576,-4.377,-3.476, -4.948,-1.834, -2.012, 1.826, -1.282, -1.402,-0.455,-1.594,-4.4479, -3.337, -1.258,-1.65794, -4.987,-0.55, -3.57,  2.7746, -5.33, -4.174,-2.4220, -1.178, -2.516, -3.824, -3.30, -2.952,-3.516,-0.048,-3.603,  0.11, 1.557,-0.1033,-0.799, -1.83, -0.5517, -5.651,-3.351, -2.6375, -5.050, -1.210,  2.21,  1.953,-2.039,  0.316,-3.212, -2.8167, -0.935, -1.05,-6.105,-0.69, 2.3e+00, 2.674, -7.1116, 1.195, 0.6869, -1.611,-1.399, 3.5101,-4.917, -4.454,-3.697,-1.042,-0.98,-2.480, -1.4149,  3.510, -0.819, -8.0377,-2.371, -7.143, -7.6603, -4.19, -3.196, -0.38,-2.444, 2.045, 1.944, -0.950,  7.15, 1.5920,  4.17, -2.102, -4.495,  1.7278, -1.0550, -0.6496, -8.105,-5.0e+00,  3.377, -1.5202
-3.365,-5.850,-3.099,-2.460,  0.2704, -5.023,-4.783,-2.060, -4.479,-1.907, -3.034, 1.016, -2.306, -0.882, 0.191,-3.108,-4.4019, -4.334, -1.527,-1.66106, -4.595,-0.99, -7.22,  0.4556, -4.43, -5.012,-0.4291, -2.463, -4.032, -7.148, -4.26, -5.024,-1.732, 1.483,-1.715, -4.03, 2.415,-0.3452,-3.090, -8.47, -2.8827, -7.401,-4.417, -1.0267, -5.854, -4.993,  1.11, -3.458,-3.696, -1.338,-3.660, -4.3846, -1.465, -5.46,-6.387,-2.06,-9.9e-01,-1.198, -6.3268, 0.719,-1.0412, -0.347,-0.995, 0.7151,-5.402, -5.220,-5.371,-2.755,-1.01,-3.167, -6.1918,  1.120, -3.423,-10.5836,-1.475, -9.472, -9.6277, -7.54, -3.766, -1.43,-1.517, 3.291, 2.213, -5.914,  8.24, 0.5745,  0.23, -5.274,-10.583, -3.4199, -3.9622, -1.4256,-10.150,-5.9e+00,  0.908, -4.9691
-3.407,-8.142,-4.009,-3.907, -1.0775, -8.034,-4.555,-1.460, -3.937,-2.727, -4.079,-1.481, -5.547, -1.965, 0.050,-5.179,-3.9355, -5.590, -1.583,-1.41586, -2.096,-2.03,-10.27, -3.4592, -6.52, -5.509,-0.9792, -3.532, -3.579,-10.110, -4.30, -4.809, 0.156, 0.884,-0.099, -8.34, 2.299,-2.3589,-5.962,-15.06, -4.3592, -6.371,-5.099, -0.4952, -6.194, -8.885,  0.80, -7.723,-4.559, -1.376,-4.074, -4.7665, -2.322, -9.17,-6.011,-3.13,-5.2e+00,-6.601, -4.4453,-1.773,-3.5629,  1.059,-1.700,-2.8292,-5.298, -4.491,-6.977,-4.212, 0.27,-3.401,-10.2079, -2.287, -8.230,-12.0752,-2.019,-10.973,-10.0115, -9.41, -3.664, -2.74,-0.452, 1.120, 0.874, -9.582,  6.47,-1.8569, -4.34, -8.503,-15.756, -8.6626, -5.4539, -4.4058,-11.685,-6.7e+00, -2.093, -6.4564
-3.114,-7.400,-3.482,-3.564, -1.4651, -7.557,-3.944,-0.041, -3.394,-3.019, -2.043,-1.700, -6.143, -1.249, 0.970,-5.888,-2.5750, -5.281, -1.880,-2.36273,  0.084,-3.87, -9.12, -8.3574, -2.72, -5.600,-0.7852, -2.801, -2.606,-12.039, -5.46, -6.402, 0.294, 0.711,-0.199, -9.72, 2.417,-3.3582,-6.749,-15.93, -5.3284, -5.687,-4.796,  0.3803, -5.294, -7.803, -3.87, -8.109,-4.340, -0.842,-3.187, -2.9810, -2.159, -7.71,-4.500,-0.38,-4.4e+00,-6.181, -2.3990,-2.033,-4.6941,  1.620,-2.363,-3.6752,-3.673, -3.543,-5.036,-4.615,-1.12,-3.514, -9.8145, -6.818, -6.895,-10.9817,-1.449, -9.536, -7.8693,-11.36, -4.673, -3.81, 0.438, 0.198,-1.402, -9.317,  2.32,-2.5416, -6.10, -8.183,-13.170, -8.3945, -4.7783, -4.7070, -9.015,-7.2e+00, -4.132, -5.2499
 0.353, 1.864,-0.191, 1.048,  0.4389,  1.960, 1.339, 0.750,  1.614, 1.171,  2.169,-0.139,  0.348,  4.232, 1.193,-0.285, 1.5489,  0.199,  0.606, 1.37497,  2.849, 1.31, -0.11,  3.4237,  2.56,  0.645, 0.3541,  1.573,  0.827,  6.790,  3.27,  5.930, 0.341, 1.940, 2.747,  1.02, 1.360, 2.2226, 1.739,  0.91,  3.0850,  2.723, 1.442,  0.3599,  1.085,  1.403,  8.45,  1.837, 1.089,  3.758,-0.197, -0.3088,  1.489,  3.42, 2.295, 0.87, 5.4e-01, 0.244,  0.4442, 0.255,-0.4502,  8.042, 1.910, 0.7996, 2.360,  0.772, 2.198, 1.942, 1.87, 1.557,  0.2779,  4.420,  1.648,  0.9890,-0.950, -1.119,  0.6016,  5.78,  3.318,  3.34,-0.173, 1.337, 0.030, -0.089,  2.04, 2.6927,  1.47,  0.324,  0.896,  6.0462,  4.4887,  1.6542,  1.426, 3.3e+00,  5.723,  1.0728
-2.536,-5.309,-1.510,-2.184, -1.4136, -2.931,-1.758, 1.114, -1.826,-1.618,  0.869,-0.094, -3.066,  0.982, 1.780,-5.567, 0.3583, -2.035, -1.511,-2.49199,  2.894,-3.95, -4.54,-10.8494,  5.57, -5.290, 1.2427, -1.326, -1.909,-12.811, -4.92, -5.517,-0.191, 0.237,-3.414, -8.28, 1.583,-3.5346,-6.199,-13.63, -6.8023, -5.096,-2.221, -1.0750, -2.211, -2.612, -7.40, -6.977,-2.942, -1.744,-1.645, -0.7433, -2.365, -6.57,-1.454, 1.63,-7.0e-01,-1.958, -1.0609,-0.096,-3.8635,  1.477,-2.048,-2.7010,-0.237, -1.431,-1.246,-4.293,-2.42,-2.138, -6.8130, -9.644,  0.576, -7.6508,-0.593, -5.659, -4.0418,-13.05, -4.628, -2.01, 0.564, 1.100,-4.115, -6.017, -2.29,-1.4580, -6.60, -5.038, -8.276, -5.2703, -1.3789, -3.8802, -2.478,-5.8e+00, -4.657, -3.5701
-1.269,-1.948, 0.731,-0.333, -1.4855,  0.553, 1.087, 2.509,  1.221, 0.173,  1.626,-0.453, -0.451,  2.139, 1.087,-5.201, 3.1423,  2.301, -0.053,-0.15748,  5.271,-1.59, -2.12, -9.0541, 11.13, -3.142, 2.8460,  0.444, -0.257, -8.879, -0.50, -1.522, 1.151,-0.750,-5.526, -4.57,-0.172,-3.4210,-4.880,-10.79, -6.5025, -4.257,-0.235, -0.9514,  1.650,  1.126, -6.58, -6.814,-1.619, -1.201, 0.041,  0.6604, -1.948, -4.77, 1.100, 1.75, 1.2e+00,-0.798,  0.8115, 0.762,-1.8358,  1.210,-0.218,-3.3576, 2.489,  1.053, 1.964,-2.438,-1.33,-0.988, -5.5932, -8.761,  5.985, -3.2864, 0.777, -2.259, -0.1251, -9.77, -1.930,  1.57, 3.375, 0.468,-5.708, -3.408, -0.69,-1.1261, -6.88, -3.515, -7.373, -5.7889, -0.1448,  0.2987,  2.159,-1.5e+00, -3.134, -2.9826
 1.249, 1.692, 2.830, 1.022, -0.5227,  1.087, 2.063, 3.950,  3.632, 1.579,  2.987,-2.115, -0.147,  2.529, 0.083,-3.915, 3.5526,  3.205,  0.833, 1.36257,  5.590, 0.35, -1.61, -5.6434, 16.92, -0.166, 2.8788,  3.970,  2.203, -2.054,  3.79,  0.352, 3.562,-1.888,-5.232,  0.64,-1.596,-2.5867,-3.043, -5.16, -3.4550, -3.141, 0.770,  1.0327,  4.015,  1.721, -3.36, -5.292, 0.011,  2.741, 2.450,  2.0049,  0.714,  1.37, 1.758, 1.50, 4.5e-01,-0.246,  4.0783,-0.060,-0.0037,  0.130, 2.020,-4.5819, 2.835,  1.022, 4.615, 0.579, 0.20,-1.129, -4.3688, -6.464, 10.784,  0.2048, 2.183, -0.060,  2.2075, -3.71,  0.596,  1.07, 7.595,-1.165,-6.025, -2.128,  4.26,-1.1434, -5.95, -1.257, -5.883, -9.0715, -1.0638,  4.0116,  4.479, 3.5e+00, -1.744, -0.4662
 1.654, 5.255, 3.669, 3.156,  1.4105,  1.839, 3.685, 5.473,  5.071, 3.249,  4.617,-2.538,  1.190,  2.022,-0.948,-0.758, 4.0219,  4.490,  1.347, 1.47964,  5.925, 3.56,  2.17,  1.2709, 20.48,  3.017, 3.5338,  7.763,  4.188,  7.217,  7.49,  4.354, 4.137,-0.939,-1.004,  5.00,-1.786,-0.5112, 0.893,  1.15,  1.9295,  0.633, 1.545,  3.0200,  3.451,  1.149,  2.45,  0.095, 2.662,  4.860, 3.630,  3.5251,  3.117,  5.77, 3.314, 2.88, 2.4e+00, 2.404,  6.6849,-0.387, 2.2180,  2.894, 1.910,-3.6650, 3.757,  3.369, 6.054, 4.462, 2.41, 2.068, -0.1397,  0.079, 13.533,  2.7167, 4.477,  3.100,  3.3934,  5.51,  5.415,  3.84, 7.739,-0.303,-2.154,  1.957,  9.01, 0.1838, -2.39,  1.044,  0.921, -6.2789, -1.9351,  4.3477,  4.214, 4.4e+00,  2.114,  3.2567
-1.091, 8.231, 2.604, 5.924,  2.8989,  3.443, 6.435, 5.464,  5.047, 4.812,  3.292,-1.755,  4.337,  1.241,-1.877, 1.916, 6.2358,  7.983,  2.739, 2.54969,  6.150, 7.85,  7.80,  7.9201, 16.47,  5.268, 3.9542,  8.454,  4.422, 12.444,  9.85, 12.703, 2.829,-0.140, 3.017,  5.43,-1.547, 2.3337, 5.251,  4.62,  7.0432,  4.307, 2.270,  2.2104,  1.183,  2.484,  7.54,  5.833, 4.389,  0.976, 2.631,  3.7613,  2.153,  5.07, 5.783, 3.23, 5.5e+00, 2.686,  6.2933,-0.182, 4.3815,  7.846, 0.336,-1.4415, 5.795,  8.583, 4.273, 7.003, 4.72, 7.505,  5.0284,  6.785, 10.794,  3.5622, 5.817,  5.753,  3.8102, 12.42, 10.151, 11.12, 3.291, 2.231, 2.760,  5.418, 11.24, 1.8190,  0.76,  0.613,  7.171, -0.3279, -1.2417,  1.0470,  0.549, 2.6e+00,  7.714,  5.3624
-1.614, 8.629, 2.939, 5.899,  4.6536,  5.087, 6.992, 3.572,  3.420, 3.308,  2.316,-0.696,  5.282,  2.189,-0.554, 2.658, 6.9784,  6.218,  1.725, 1.13499,  1.278, 6.74,  9.74,  4.8679,  8.31,  5.642, 2.7957,  6.935,  4.946, 11.200,  7.24, 12.171, 0.897, 0.118, 2.784,  3.85, 1.082, 4.6495, 6.025,  6.26,  7.2493,  4.704, 3.263, -0.2564,  2.091,  4.640,  3.97,  7.014, 3.942, -0.847, 2.722,  3.4650,  0.821,  3.92, 6.027, 2.95, 4.5e+00, 0.548,  4.9906, 0.814, 5.8319, 10.893, 0.989, 2.7653, 6.261,  6.970, 1.609, 3.937, 2.72, 5.965,  8.3215,  2.254,  5.595,  4.2733, 4.566,  5.966,  5.7962, 12.40,  8.293, 11.10,-0.804, 2.263, 4.746,  6.503,  2.19, 3.8539,  4.50,  0.785,  6.395,  3.6324,  1.3476,  0.4467, -2.467, 6.8e-01,  4.782,  4.8878
 2.879, 8.669, 6.530, 5.165,  8.3096,  8.972, 7.076, 3.103,  5.691, 2.130,  4.743, 0.569,  6.445,  4.316, 2.051, 3.571, 6.3435,  1.235,  1.419,-0.53686, -3.856, 3.52, 10.91, -0.8193,  3.58,  6.835, 2.7366,  7.641,  8.230, 14.129,  4.55,  5.757, 0.438, 0.806,-0.396,  5.76, 5.516, 5.2153, 5.897, 11.57,  6.6300,  6.594, 5.533,  1.2179,  6.337,  7.150, -2.65,  8.070, 4.153,  3.934, 5.283,  4.5318,  3.439,  5.88, 5.726, 4.55, 3.2e+00, 1.712,  4.9695, 2.352, 7.8733, 11.796, 2.481, 7.0705, 6.875,  1.527, 4.483, 1.678,-0.49, 1.077, 12.2978, -5.795,  2.979,  8.4640, 3.726,  8.220, 11.0332, 15.33,  5.346,  7.28,-1.842, 0.432, 5.503,  9.560, -7.97, 6.0628, 10.54,  5.581,  6.039,  9.6786,  5.5546,  6.4709,  1.704, 1.6e+00, -2.563,  5.8746
 6.679, 8.189, 7.850, 6.425,  9.1627, 10.503, 8.074, 4.147, 10.552, 5.641,  6.753, 1.810,  9.345,  4.528, 2.143, 5.476, 6.7149,  3.181,  4.232, 1.87059, -1.194, 6.29, 14.68,  3.5608,  2.39,  8.369, 2.5197,  9.183, 10.090, 23.511,  9.24,  8.266, 1.475, 2.286, 2.310, 10.40, 6.256, 5.2621, 9.476, 20.21,  9.7422, 10.920, 6.485,  7.7534,  9.423,  9.625,  1.41, 13.220, 6.120,  9.706, 7.668,  7.0406,  9.380, 10.74, 7.086, 6.60, 7.0e+00, 4.699,  5.0178, 2.225, 9.3220, 12.962, 2.747, 7.0011, 8.710,  3.223, 8.814, 6.054, 2.57, 4.043, 16.4767, -0.708,  3.028, 11.6296, 3.078, 10.227, 11.8546, 24.50, 10.030,  7.08,-0.503, 2.162, 6.482, 12.190, -1.36, 6.4487, 14.39, 13.211, 11.716, 16.0172,  9.4905, 11.0602, 10.170, 7.1e+00,  2.054, 11.2164
 5.997, 3.419, 4.506, 6.413,  6.0074,  6.982, 6.225, 0.921,  9.300, 8.950,  5.539, 2.496,  9.609,  2.962,-0.376, 6.530, 5.4743,  6.146,  4.568, 4.23867,  3.157, 9.97, 15.87,  9.4919, -2.36,  5.611,-1.4496,  7.461,  8.148, 25.299, 13.49, 14.577, 1.382, 0.968, 4.524, 11.96, 2.798, 4.2007,10.568, 25.32, 11.0471, 11.471, 5.643,  6.7028,  8.243,  8.663, 10.81, 16.330, 6.391, 11.497, 7.072,  8.7004, 13.595, 14.40, 7.001, 2.84, 8.3e+00, 4.610,  1.1131,-1.411, 8.2632,  9.252, 1.781, 3.6625, 7.825,  7.236, 9.518,10.452, 8.31,10.473, 16.3413,  9.357,  1.456,  8.2440,-1.786,  6.566,  5.6518, 26.29, 13.983,  6.70, 0.205, 3.262, 4.728,  9.267,  6.69, 3.1469, 12.55, 18.721, 15.825, 14.6047, 11.2697,  4.1852, 12.573, 1.2e+01, 12.775, 15.0928
 3.117, 0.059,-1.020, 2.370,  2.7617,  1.613, 0.932,-0.946,  5.030, 7.573,  3.570, 1.538,  5.901,  1.924,-2.616, 5.076, 1.1621,  2.869,  0.751, 2.52221,  0.975, 6.25, 11.08,  7.1555,-10.79,  0.156,-3.8342,  2.513,  4.632, 17.262,  8.19,  7.746, 0.959, 0.116, 2.635,  9.88, 1.176, 2.2067, 7.272, 20.61,  6.2882,  6.423, 2.379,  1.6339,  3.739,  3.846,  8.38, 14.425, 3.024,  8.996, 2.177,  5.0055,  8.769, 11.04, 2.495, 2.13, 6.9e+00, 3.005, -2.1116,-2.727, 6.1995,  4.578, 0.446, 2.7950, 2.876,  4.138, 5.103, 6.524, 6.43, 8.287, 12.3680, 11.103, -5.846,  0.9719,-4.197,  0.059,  0.2695, 17.03,  8.816,  4.22, 1.761, 0.748, 4.276,  6.462,  5.40, 0.9303, 10.62, 15.479, 14.333,  9.4796,  5.3300, -1.6438,  3.691, 5.9e+00, 11.090, 12.9018
 0.897, 0.467,-0.528, 0.292, -1.8812, -0.190, 0.134,-0.235,  0.302, 2.099,  1.586,-0.066,  0.039,  2.090, 1.128,-0.517, 0.7685, -0.518,  0.279, 0.18352,  1.610, 1.02, -1.78,  3.5408,  2.70, -0.041, 1.5974,  0.865,  0.279,  2.709,  3.25,  3.103,-0.534, 0.534, 5.011,  0.51, 1.029, 2.8381, 1.106, -1.06,  1.5295,  3.600, 3.138,  0.9241, -0.504, -0.288,  6.08,  1.062, 0.832,  3.130,-0.206, -0.9206, -1.287,  1.10, 1.623,-1.64,-5.3e-02, 0.395, -1.1081, 0.735, 0.0830,  0.549, 0.740, 0.8643, 1.412,  0.541, 2.001, 1.816, 1.48, 1.323, -1.1087,  4.231,  1.839, -0.3287, 0.321, -0.747,  0.0171,  1.89,  2.772,  1.82,-0.180, 0.739, 1.824, -1.171, -0.38, 2.5827,  1.22,  0.024,  0.149,  4.3680,  4.1049, -2.4223, -2.436, 2.5e+00,  1.291,  1.0727
 0.554,-0.692,-5.841,-3.047, -0.8595, -3.681,-4.354, 0.858,  2.677, 3.614,  1.152, 0.546,  1.525,  2.491,-2.040, 1.463,-3.0644, -0.941, -2.495, 0.08978, -3.902,-0.63,  3.92, -0.6644,-16.67, -5.653,-2.4073, -3.777, -0.677,  5.622, -1.66, -7.738, 2.238, 0.424, 1.296,  3.85, 2.070, 1.2908, 3.872, 10.64, -2.1310, -0.690,-2.361, -0.2536, -2.205, -0.929, -3.20, 10.228,-2.281,  1.749,-4.127, -1.9116, -1.108,  2.06,-3.997, 5.15, 5.4e+00, 1.011, -2.4421,-1.622, 3.7799,  2.088, 0.315, 4.9681,-2.778, -2.329,-2.730,-0.929,-1.03, 0.549,  8.3309,  5.250,-12.876, -6.3527,-1.766, -5.825, -2.9887,  4.08, -0.564, -3.30, 3.251,-1.060, 5.616,  2.747,  3.87, 3.0620,  9.81,  7.412,  9.517,  4.0814, -4.3670, -2.1703, -8.062,-5.0e+00, -1.600,  7.8018
-1.876,-2.441,-6.019,-4.812, -3.3398, -5.780,-4.867, 0.174, -1.367,-0.069, -0.388, 0.923, -0.375,  2.771,-1.018,-1.017,-3.1916, -1.180, -3.625,-1.41862, -4.573,-2.75, -0.78, -7.8657,-18.67, -5.990,-2.1762, -6.278, -3.505, -4.279, -5.60,-15.100, 1.165, 1.576, 2.142, -3.61, 3.123, 2.1228, 0.877,  1.37, -4.2089, -3.213,-3.319, -0.5734, -6.131, -4.277, -8.43,  3.817,-4.983, -1.042,-5.544, -4.0905, -2.786, -0.24,-5.572, 3.14, 4.9e-01,-2.101, -4.2885,-1.956, 1.6256,  1.801, 0.783, 6.0646,-3.946, -3.034,-6.528,-2.808,-3.52,-1.634,  3.4603, -0.822,-14.365, -7.6120,-1.392, -7.934, -4.9176, -4.59, -3.450, -8.61, 1.012, 0.593, 4.732, -3.302,  4.33, 4.9145,  5.49, -0.180,  8.169,  2.4919, -5.1908, -4.0563,-14.050,-1.1e+01, -9.809,  1.4122
-4.898,-3.157,-4.142,-4.178, -3.8957, -3.084,-2.317,-2.264, -5.126,-1.741, -0.107, 1.463, -0.321,  1.334,-1.815,-0.942,-1.7106, -2.743, -3.453,-3.04760, -2.289,-3.47, -3.86,-14.1420,-20.19, -1.423,-3.7914, -5.687, -2.444,-12.809, -6.92,-13.716,-1.861, 1.577,-0.299, -8.98, 2.036, 1.4029,-4.012, -9.04, -0.8491, -1.723,-1.318, -2.0163, -8.217, -6.425, -9.43, -4.494,-5.338,  1.592,-4.171, -3.3047,  3.097,  3.24,-3.044,-1.96,-5.9e+00,-5.175, -8.1604,-3.312,-1.0451, -1.395,-0.048, 2.1218,-2.140, -0.410,-3.783,-1.130,-2.36,-0.959, -4.5180, -5.932,-14.144, -4.4337,-4.162, -6.558, -4.5339,-10.94, -3.932, -5.18,-2.706, 0.349, 1.800, -7.963,  5.07, 1.9507, -3.42, -8.671, 12.561,  3.0132, -0.8088, -7.1914,-14.649,-1.1e+01,-11.280, -5.5244
-3.981,-2.923,-2.076,-3.098, -3.2727, -0.780,-0.997,-2.605, -5.257,-1.689,  0.049, 0.115, -1.560,  0.751,-0.828,-1.375,-1.5541, -4.837, -4.181,-4.02485, -1.695,-7.23, -6.25,-13.9247,-14.88,  1.098,-3.2764, -2.891, -1.310,-14.512, -7.88,-10.251,-2.405, 1.388,-2.513,-10.25,-1.558,-0.0976,-6.187,-15.56, -0.0046,  0.095, 0.703, -4.0572, -6.273, -4.742, -8.14, -9.664,-2.957,  1.545,-2.253, -2.4180,  3.996,  1.90,-1.620,-2.24,-6.5e+00,-3.932, -7.8794,-2.259,-4.2990, -2.619,-1.291,-2.4601,-1.323, -1.796,-2.514,-3.404,-4.30,-4.395,-10.0330, -9.107, -9.103, -1.0933,-3.959, -2.570, -2.2981,-13.76, -7.078, -3.61,-2.841,-0.847,-1.767, -8.991,  2.20,-1.4892, -8.69,-12.046,  8.657,  2.9924,  1.4544, -5.1081, -8.176,-5.9e+00,-10.516, -8.3377
 1.218,-3.058, 1.048,-1.325, -1.2431, -0.273,-0.327,-2.533, -4.818,-2.180, -1.387,-2.301, -3.726,  2.629, 1.696,-2.939,-0.9122, -3.533, -4.724,-3.11056, -0.842,-9.14, -7.81, -6.8078, -4.01,  1.324,-0.6267,  1.400, -0.241, -7.097, -4.20, -6.217,-0.811, 2.397,-1.780, -8.16,-4.693,-1.0231,-5.289,-14.31,  0.2489,  1.700, 3.170, -8.5791, -3.993, -4.195, -2.10,-10.559, 1.680, -0.973,-0.034,  0.8232, -1.095,  2.63,-1.385, 0.62,-4.7e+00, 0.576, -3.2701,-0.398,-6.5705, -0.177,-2.823,-4.0298,-1.002, -3.255,-3.191,-6.570,-5.93,-7.140,-10.6510, -7.956, -2.773,  2.1201,-0.876,  2.883,  0.0022, -9.27, -6.590, -6.32,-0.373, 0.912,-3.949, -6.892, -3.13,-3.5866, -8.60, -8.775, -0.848,  5.0549,  3.9079, -0.5376, -0.590,-9.0e-01, -8.894, -6.4185
 3.231,-0.637, 1.638,-0.678, -0.2370, -0.505, 0.209,-1.196, -3.169,-1.340, -0.796,-1.846, -2.957,  5.227, 2.729,-1.724,-0.0101, -1.184, -2.348,-0.59730,  1.900,-6.05, -5.20,  0.0554,  6.14,  2.187, 1.4557,  2.739,  1.180,  0.532, -0.50, -4.340, 1.114, 3.160, 1.244, -3.59,-4.297,-0.9041,-1.899, -7.88,  1.2651,  1.567, 2.497, -7.1763, -0.710, -2.337,  3.03, -6.579, 3.296, -0.375, 0.271,  1.3098, -4.500,  5.94,-1.404, 2.73,-2.9e+00, 0.739, -0.0115,-1.170,-5.8546,  2.802,-2.461,-2.2436,-0.459, -2.103,-4.104,-6.556,-5.01,-5.382, -6.4570, -2.709, -0.382,  2.9584, 1.422,  4.345,  1.0485, -2.44, -3.246, -6.59, 1.178, 3.148,-1.989, -2.482, -3.31,-2.4872, -5.89, -4.149, -2.757,  8.4106,  5.3676,  1.3926,  1.655, 4.7e-01, -7.658, -3.3588
 2.799, 4.560,-0.083,-0.368,  0.7702,  1.159, 0.897, 0.361,  1.109, 3.087,  1.471, 0.505, -0.357,  4.861, 2.033, 1.712, 1.3162,  0.837,  3.790, 4.16942,  4.093,-0.83,  0.63,  4.5077, 12.33,  3.521, 2.1365,  2.554,  3.790,  5.163,  0.68, -2.639, 3.624,-0.534, 0.636,  2.62,-3.025,-1.4794, 2.379, -0.10,  2.1145,  0.462,-0.691, -1.7777,  5.345,  4.332,  3.63, -0.859, 1.969,  1.573,-0.392, -0.2203, -4.185,  6.15,-0.651, 2.19, 4.5e-01,-3.193,  0.7457,-4.760,-3.9616,  4.789, 0.480,-1.2217, 0.886,  1.876,-4.193,-4.140,-3.65,-2.264, -1.2287,  1.854,  3.374,  1.4639, 1.107,  3.342,  3.1601,  3.39, -1.782, -4.38, 0.442, 0.836, 0.486,  2.232, -1.37,-0.7008, -3.90,  0.289, -1.058,  8.3556,  5.2893,  3.2377,  4.856, 3.0e+00, -6.391,  0.3592
 1.760, 8.476,-0.513, 0.797,  2.5843,  2.884, 2.255, 3.397,  4.980, 5.663,  3.347, 0.819,  0.260,  5.119, 2.230, 2.123, 2.6016,  2.102,  6.613, 4.82232,  2.980, 2.13,  3.10, 11.2314,  9.22,  4.660, 2.5319,  2.879,  5.092, 11.318,  2.50,  0.688, 3.617,-0.797, 2.527,  7.80,-1.526,-0.5466, 4.679,  5.43,  4.0843,  1.975,-0.592,  6.2646,  8.435,  7.470,  6.73,  4.265, 1.302,  3.837, 0.629,  0.6258, -2.612,  4.65, 0.946, 2.98, 2.0e+00,-3.994,  2.1242,-4.718,-2.5549,  4.225, 2.118, 0.0503, 2.460,  4.071,-2.029,-1.783,-1.50,-0.515,  1.3445,  8.110,  3.659,  1.4380, 2.018,  3.045,  4.5049,  9.73,  1.094, -0.38,-0.634, 0.567, 2.305,  7.075,  2.47, 1.0660, -1.35,  3.189, -0.926,  6.9148,  5.5352,  6.4942,  9.602, 4.7e+00, -0.187,  4.6421
-0.746, 8.820,-1.329,-0.210,  4.1294,  1.540, 2.075, 6.695,  6.581, 4.300,  4.578, 0.037, -1.071,  8.256, 3.143,-1.461, 1.7622,  0.999,  2.480, 0.40671,  1.010, 3.10,  1.53, 17.9688,  1.52,  2.008, 1.6352,  2.189,  2.478, 13.813,  5.10,  4.393, 0.695, 2.236, 6.001,  7.04, 1.272, 2.1353, 3.166,  6.45,  8.9062,  6.612, 3.265, 13.4432,  6.523,  4.506, 13.06, 10.178, 1.277,  4.670, 0.603,  2.3379,  0.914,  1.64, 1.424, 5.11, 1.7e+00,-1.755,  3.5940,-1.293,-1.4084,  4.729, 0.592, 3.1407, 1.968,  1.402, 0.169,-0.556, 2.23, 0.843,  2.5801, 14.809, -0.670,  0.0796, 3.701,  1.371,  2.3553, 11.95,  6.022,  3.23,-0.107, 4.256, 4.828,  7.909,  8.12, 3.9310,  2.42,  3.303,  0.556,  6.1670,  6.7708,  4.9224,  8.065, 3.8e+00,  7.160, 10.3876
 0.912, 8.626,-0.460, 0.834,  4.3938,  2.904, 2.260, 7.403,  7.769, 3.937,  4.245, 1.743,  1.150,  7.451, 2.513,-1.152, 1.4338,  2.158,  1.536, 1.22148,  2.571, 5.33,  3.26, 17.9459,  0.70,  2.021, 0.9726,  3.128,  2.260, 13.283,  6.98,  9.152, 1.332, 4.635, 8.618,  7.35, 4.170, 4.1115, 4.611,  9.69,  8.2254,  8.223, 4.231, 16.3495,  8.873,  6.560, 14.89, 13.550, 2.647,  3.484, 0.475,  2.4745,  3.196, -0.27, 2.313, 7.04, 3.9e+00, 0.695,  5.1973, 1.097, 0.7168,  4.130, 0.504, 3.7185, 1.480,  0.947, 1.570, 0.241, 4.12, 3.016,  5.9121, 16.668, -0.382,  0.1600, 4.053,  1.679,  2.2143, 11.84,  7.722,  7.22, 1.599, 5.604, 4.598,  8.764,  6.32, 4.5959,  6.18,  5.272,  2.147,  5.2819,  6.7907,  4.8402,  7.152, 4.5e+00, 11.430, 12.5622
 0.829,-0.459,-0.723, 0.293, -1.3680,  0.129,-0.908, 0.963,  1.185, 2.776,  3.122,-0.243, -1.111,  2.790, 1.133,-0.971,-0.3678, -1.569, -0.648,-1.06585,  0.372, 0.18, -1.54,  3.4968, -1.25, -1.614, 1.1498, -0.528, -0.897,  2.777,  2.49, -0.550,-1.612, 1.953, 7.115,  1.79, 0.730, 3.1457, 1.944,  0.48,  0.8072,  4.763, 2.240,  4.1167,  2.581,  0.309,  4.06,  2.301, 0.884,  1.723,-0.349, -0.3338, -3.115, -0.48,-0.857, 0.30,-1.4e-01, 0.112,  1.5511, 0.939, 0.2810, -4.247,-0.036, 0.8030,-0.235, -0.582, 1.474, 0.403, 0.96, 0.114, -0.0509,  2.863, -0.899, -1.1060, 1.300, -0.352, -0.7898,  2.31,  2.598,  0.64,-2.175, 1.526, 3.722,  0.556,  0.95, 1.8336,  3.67,  1.857,  3.763,  1.7343,  2.1916, -2.7839, -0.017, 1.8e+00, -1.254,  0.8459
 6.056,10.655, 2.531, 4.569,  5.3088,  8.621, 3.907, 6.321, 10.182, 6.885,  2.934, 5.818,  5.782,  3.204, 0.997, 4.142, 2.0163,  3.967,  5.964, 7.01235,  5.999, 7.63,  8.09, 11.3444, -2.52,  6.575, 1.5550,  5.283,  6.998, 15.095,  5.88, 13.637, 5.760, 5.057, 9.226, 11.76, 5.330, 4.6865,10.179, 17.88,  3.3989,  6.464, 0.377, 16.5188, 15.572, 13.896, 11.68, 14.587, 5.545,  0.763, 2.115,  1.8007,  4.762,  1.18, 4.141, 7.81, 7.1e+00, 3.641,  5.0545, 1.104, 4.5850, -2.589, 2.563, 2.0877, 1.719,  3.836, 4.242, 1.869, 3.98, 5.113, 10.4288, 14.667,  0.308,  2.8077, 3.926,  4.746,  5.4697, 14.08,  4.991, 10.23, 2.313, 3.909, 3.183, 13.287, -0.15, 2.6495,  9.89, 10.697,  2.971,  4.0112,  4.9646,  6.2733, 11.207, 5.9e+00, 13.555, 11.1959
 6.332, 6.421, 3.746, 4.510,  4.5759,  7.394, 3.873, 2.917,  8.402, 6.725,  2.650, 7.925,  5.626,  1.512,-1.888, 6.190, 0.7461,  3.872,  8.948, 8.46548,  6.190, 7.06,  9.05,  2.7365, -4.35,  7.342,-0.0533,  5.224,  7.526, 15.023,  3.61,  8.961, 2.371,-0.800, 2.075,  6.86, 5.586, 3.3439, 9.465, 16.68,  2.8133,  3.202, 0.661,  9.0381, 11.795, 13.555,  4.13, 13.335, 5.146, -1.675, 4.473,  2.2142,  6.448,  1.57, 4.177,-0.57, 7.0e+00, 1.006, -3.7205,-7.014, 4.7625, -9.266,-0.329, 3.3184, 0.954,  4.894, 3.899, 1.995, 4.17, 5.284,  9.8709,  5.498,  3.437, -0.1680,-0.598,  4.420,  4.0280, 14.22,  3.397,  1.88, 0.288,-3.118, 4.475,  8.570, -2.31,-1.3724,  9.85, 12.530,  3.466,  7.5259,  6.4319,  0.0524,  8.483, 2.4e+00,  5.832, 11.6852
 3.059,-2.347, 2.184, 1.961,  1.5625,  2.866, 2.135,-0.741,  0.491, 3.772,  1.494, 5.446,  3.753, -0.325,-2.733, 6.181,-0.2366,  4.354,  7.531, 5.25416,  3.489, 3.91,  5.26, -4.2268,  1.08,  4.151,-1.6974,  2.306,  3.807,  6.669,  2.19, -0.661,-2.896,-2.910,-2.495, -2.61, 4.104, 3.1631, 2.274,  5.10,  0.8142, -0.554, 1.035, -2.9142,  0.339,  3.068, -6.86,  4.577, 2.048, -1.393, 3.608,  1.0384,  3.105,  0.86, 2.463,-8.73, 9.6e-01,-1.144, -8.1316,-9.594, 0.6160, -6.381,-2.947, 2.5336, 0.270,  5.748,-0.536,-0.456, 3.86, 2.972,  3.3501, -6.870,  7.555, -2.9368,-4.704,  3.237,  1.1088,  7.61,  2.660, -5.57,-3.195,-6.175, 1.296, -2.680, -2.97,-3.5976,  3.52,  6.413,  6.519,  8.8045,  4.7204, -6.0499, -0.280,-1.9e+00, -3.379,  5.7373
 0.816,-5.931,-0.297,-1.545, -1.0123, -0.677,-0.189,-0.772, -4.409, 2.228,  1.392, 0.764,  1.679, -1.868,-0.964, 2.793,-0.9079,  1.398, -0.091,-0.44407, -1.919,-0.65,  0.47, -4.6442,  7.82, -0.671,-2.2701,  0.992,  2.047, -6.078, -1.18, -2.299,-1.413,-0.488,-4.355, -5.45, 2.380, 1.6633,-2.966, -0.75,  0.2764, -2.162,-0.692, -7.3347, -5.266, -2.272, -7.71, -2.034,-0.079,  0.592, 0.329,  1.4464, -0.524,  0.67,-0.028,-4.89,-6.7e+00, 0.082, -1.1062,-0.255,-0.6985,  6.258,-1.128, 0.4205, 0.246,  2.573,-2.783,-1.958, 2.34,-0.631, -0.9311, -7.734,  7.831, -1.3088,-3.481,  3.216,  1.2886, -3.18, -1.690, -5.94,-1.558,-0.557,-5.393, -7.671, -0.46,-0.1008, -2.46, -0.786,  6.359, -0.9746, -3.3710, -7.5392, -5.776, 2.4e+00, -2.658, -0.9830
-0.566,-5.364, 0.692,-3.540, -4.2251, -2.125,-0.431,-1.917, -4.150,-0.131, -2.251,-3.427, -2.701, -5.898,-2.032,-2.622,-1.2930, -0.658, -6.952,-4.66350, -5.726,-3.52, -3.25, -5.7253,  8.33, -4.181,-1.9495, -2.168, -2.825, -8.971, -4.35, -0.398,-0.558,-2.917,-8.289, -6.66, 0.552,-4.3149,-4.028,  0.53, -1.7728, -2.097,-0.292, -7.5503, -4.601, -1.323, -6.03, -4.220, 0.641, -3.636,-0.859,  2.8557, -3.223, -3.32,-0.585,-0.11,-8.5e+00,-0.960,  0.0918, 4.799,-0.6867,  3.244,-1.582, 0.1020, 0.488, -5.175, 0.223,-2.162,-2.51,-3.582, -2.3826, -4.268,  6.778,  5.4314,-0.599,  4.423,  2.6010, -7.11, -5.872, -5.70, 1.591, 0.523,-7.107, -8.029, -4.05,-0.1459, -4.17, -3.813, -3.610, -9.5599, -7.4830, -4.6638, -1.637, 5.4e+00, -4.154, -4.3387
-2.499,-3.981, 1.490,-3.113, -5.3719, -0.517,-0.019,-4.855, -4.219,-4.803,-10.628,-6.456, -6.407,-10.146,-2.790,-4.501,-1.5173,  0.770, -8.710,-4.61012, -4.502,-4.32, -6.41, -6.8464,  0.67, -7.206, 0.6190,-10.515,-10.623, -7.248, -4.28, -1.738,-1.701,-6.428,-8.656, -6.62,-3.842,-8.0305,-5.152, -0.22, -7.8295, -1.389, 0.589,-10.3754, -4.233, -3.492, -8.02, -8.647, 0.230,-11.396,-1.887, -3.5128, -7.316,-12.12,-0.937,-0.74,-7.8e+00,-0.479, -3.2384, 3.490,-4.1951, -8.323,-3.121,-1.4513,-0.838,-10.373,-0.017,-2.044,-7.37,-5.391, -6.1297, -4.499,  2.547,  9.6971, 1.651,  3.776,  2.9566, -7.10, -5.683, -3.73,-0.019,-2.751,-5.430, -7.140,-10.61,-4.2734, -6.01, -4.216, -9.964, -8.3072, -8.9187, -0.0054,  3.888, 1.9e+00, -6.304, -8.5753
-5.145,-2.600,-3.072,-4.262, -4.7150, -1.786,-3.333,-3.816, -3.311,-6.493, -9.547,-4.971, -7.272, -6.673,-0.772,-3.317,-4.8992, -6.005,-10.423,-6.42831, -6.461,-8.04, -8.00, -3.9043, -5.65, -9.902, 0.9428,-15.267,-13.770,-14.063, -7.62, -6.648,-0.934,-7.231,-5.355, -5.27,-6.547,-6.1274,-6.822, -3.49,-12.0938, -2.533,-2.673, -9.2887, -4.001, -5.655, -9.11,-10.547,-5.239,-13.590,-4.428,-10.6372,-10.129,-20.50,-3.699,-1.78,-6.0e+00, 1.330,  1.5667, 1.229,-6.4589, -9.010,-1.769,-6.0009,-5.721,-11.621,-7.334,-3.400,-9.14,-7.626, -9.4490, -1.952, -0.827,  2.7472, 1.969, -1.496, -0.9184,-14.13, -7.694, -2.48, 0.095,-5.949,-3.793, -6.129, -7.30,-5.3931, -7.31, -5.834, -9.785, -7.8419,-12.6399,  0.0497,  2.445,-2.0e-01, -4.245, -8.9635
-7.032,-2.414,-7.160,-5.467, -7.2620, -3.415,-5.277,-0.849, -0.576,-3.035, -2.369, 0.482, -4.310, -2.814,-1.415,-0.447,-6.8615, -8.930, -7.937,-7.36104, -6.694,-8.27, -6.29, -2.3557, -5.58, -9.681,-1.6169,-14.646,-14.264,-17.472, -8.95, -8.974,-1.112,-6.703,-3.782, -5.41,-3.846,-4.0719,-6.917, -5.16,-11.2795, -2.397,-4.481, -8.2156, -4.841, -5.967, -9.56,-10.315,-8.630,-13.306,-6.348,-11.5333,-11.521,-20.75,-4.522,-1.24,-2.0e+00, 2.376,  7.4751,-0.365,-6.1926, -9.008,-0.925,-6.1115,-8.315, -8.524,-8.823,-2.761,-8.02,-6.278, -8.3768, -0.039,  2.103, -4.1557,-0.021, -5.438, -5.8204,-17.54, -8.570, -2.33, 0.889,-8.607,-3.414, -7.001, -2.62,-4.7790, -7.65, -6.442,-12.515, -8.6911,-12.4804, -3.8263, -1.853,-3.3e+00, -3.408, -8.1319
-4.123,-2.370,-6.124,-4.931, -8.1774, -3.210,-4.145,-0.685, -1.046,-1.324, -3.907, 0.269, -1.242, -5.006,-1.640, 0.738,-4.8363, -3.993, -3.970,-6.34202, -1.862,-4.85, -3.89, -3.5379, -4.09, -8.098, 0.4897,-11.837,-12.417,-11.883, -4.20,-10.034,-0.387,-4.622,-3.315, -4.61,-3.111,-4.9786,-7.147, -4.92, -6.1906,  1.045,-1.815,-10.0527,-10.240,-10.212, -7.77,-10.455,-6.099,-12.664,-6.887, -9.7323,-10.555,-13.27,-3.497, 0.97,-1.1e+00, 3.374,  2.6188, 0.086,-3.4381, -3.209,-2.644,-1.8131,-5.209, -4.885,-3.506,-0.091,-5.18,-2.302, -5.2085, -2.170,  0.670, -2.6278, 1.320, -4.736, -5.3422,-11.38, -2.588, -4.53, 2.255,-6.749,-3.171, -5.757, -3.16,-4.3100, -9.10, -4.649,-13.752, -5.0843, -7.2080, -5.0978, -6.038,-7.8e+00, -7.887, -7.7772
-1.088,-4.329,-4.395,-4.898, -6.5828, -3.885,-4.864,-3.482, -5.150,-3.763, -8.455,-2.926,  0.384, -6.198, 0.440,-0.679,-4.0245, -5.724, -4.303,-6.45222, -0.290,-4.96, -1.38, -3.1062, -4.65, -8.510, 1.7865, -9.585, -9.935,-12.495, -3.35, -9.209, 0.610,-3.700,-2.296, -3.00,-5.079,-4.5112,-7.160, -5.48, -2.9210,  2.312, 0.684,-11.6089,-13.397,-12.808, -4.66, -9.631,-4.209, -9.260,-6.956, -6.9993, -6.344, -5.98,-4.310, 0.90,-4.4e+00, 1.601, -4.9492,-0.060,-1.2696,  3.870,-3.999,-0.3012,-2.490, -6.523,-3.055, 0.239,-3.52,-1.275, -3.3148, -3.212, -3.998, -2.7500, 1.230, -3.611, -3.6948,-10.82, -1.381, -6.86, 2.846,-2.430,-2.542, -4.702, -2.84,-3.5725,-10.58, -3.878, -8.293, -1.3837, -2.7820, -6.3951,-10.073,-8.7e+00, -8.563, -5.7444
 0.670,-1.860,-0.964,-0.288, -0.6272,  0.084,-2.283, 1.763,  1.762, 2.692,  3.549,-0.389, -1.938,  2.921, 1.024,-0.910,-1.8100, -2.678, -1.923,-1.68839, -0.471,-0.88, -0.20,  1.9656, -4.88, -3.787, 0.0821, -2.379, -3.152,  1.786,  0.88, -3.915,-2.141, 2.420, 6.797,  1.89, 0.050, 2.6919, 2.541,  2.14, -0.0449,  4.569, 0.675,  6.4506,  5.517,  1.613,  2.11,  2.784, 0.757, -0.997,-0.494,  0.0684, -4.014, -2.18,-3.597, 2.42,-2.1e-01,-0.262,  4.2225, 1.323, 0.0860, -6.134,-0.511, 0.3510,-2.424, -2.078, 0.063,-1.052, 0.77,-1.195,  1.4727,  0.436, -3.435, -2.0166, 1.364, -0.214, -2.2593,  1.78,  1.722, -1.86,-4.601, 2.370, 4.498,  1.445,  2.22, 0.4010,  5.05,  3.780,  5.745, -0.7486,  0.2304, -1.6185,  4.446, 1.6e+00, -2.391,  0.0025
-5.018,-8.287,-6.435,-5.594, -7.9104, -3.017,-7.584,-8.569,-11.321,-6.218, -9.684,-1.706,  1.069, -4.638, 1.294,-0.497,-4.0212,-11.761, -6.301,-6.59342, -2.977,-7.44,  1.77, -4.6904,-11.43,-13.397,-4.9415,-10.564,-11.059,-21.830, -9.21, -0.712,-4.997,-3.247, 0.674, -6.42,-4.203,-0.0061,-4.205, -9.27, -4.9653,  0.533,-2.135,-11.9776, -6.516, -8.827, -6.65, -9.274,-3.958, -5.704,-7.710, -4.1131, -3.620, -4.06,-6.478,-4.22,-8.0e+00,-1.467, -2.6992,-0.564,-3.6330, -1.242,-2.511,-2.7855,-3.050, -9.895,-9.730,-3.290,-3.82,-3.566, -3.8792, -4.298, -4.365, -8.8466,-6.037, -4.616, -5.5164,-20.17,-10.515, -0.38,-7.112, 0.051,-4.503, -9.553, -4.68,-2.1307, -9.95, -8.140, -4.208, -2.0889, -1.5126, -9.9971, -6.746,-7.6e+00, -0.603, -8.2435
-5.868,-6.604,-6.371,-4.329, -6.5543, -1.759,-6.324,-7.420, -9.781,-6.734, -7.932,-0.599,  0.663, -2.113, 0.969,-0.401,-2.4360, -9.375, -6.153,-4.46077, -3.192,-6.33,  0.92, -3.9973,-15.19,-12.805,-5.8847, -8.200, -7.845,-18.382, -8.36,  3.440,-7.500,-0.754, 1.034, -5.95,-0.760, 2.6323,-1.765, -9.54, -3.5279, -0.956,-3.971, -6.4261, -0.077, -3.498, -5.26, -6.905,-2.485, -2.043,-7.064, -2.9311, -1.941, -2.48,-5.675,-3.25,-5.8e+00,-0.668,  2.3159, 1.915,-3.5844, -0.026, 0.025,-2.2689,-1.696, -7.499,-8.410,-1.580,-2.79,-3.807, -3.0132, -3.616, -6.523, -9.5702,-6.228, -5.104, -5.0262,-17.81,-10.566,  4.55,-9.162, 2.417,-3.568, -8.034, -2.84, 1.0278, -5.65, -8.904, -2.079, -1.8107, -2.0329, -3.7298, -0.106,-3.9e+00,  3.760, -9.3004
-3.618,-1.128,-0.925,-0.424, -2.2024,  0.376,-0.554, 0.362,  1.973,-5.360, -3.199, 1.984,  2.201,  0.645, 2.213,-0.020,-0.4581,  0.030, -1.097, 1.67614,  0.643,-1.20, -1.24,  2.6767,-13.81, -3.002, 0.6903, -5.843, -4.547, -2.786, -0.42,  3.299,-3.768, 2.072, 1.848,  0.57, 2.116, 3.8985, 0.537, -3.96,  1.1349, -1.490,-2.879, 10.9567,  7.347,  6.759,  1.54, -3.327,-0.828,  2.122,-1.592, -3.6724,  1.436,  0.14,-0.115, 2.69, 2.9e+00, 1.497,  3.8487, 6.740, 1.2699,  4.649, 2.905, 0.0533, 1.949, -0.038, 2.026, 6.031, 0.58,-0.183, -0.4228,  2.248, -8.389,  0.4166, 2.323, -3.684, -2.8629, -1.92, -1.394,  4.80,-1.070, 4.589, 1.448, -0.154,  0.50, 3.2098,  1.58, -3.483,  0.593,  0.5292, -2.7478, 13.6758, 10.618, 6.3e+00,  5.836,-10.2295
-1.986, 1.799, 3.097, 1.266,  2.3119,  1.701, 3.674, 4.933,  8.815,-0.600,  0.792, 3.496,  2.265, -0.298, 2.425, 0.048, 0.7440,  6.189,  4.180, 6.60973,  3.069, 2.77, -1.91,  6.7383, -8.72,  3.826, 3.7420, -4.107, -3.442,  8.122,  5.21,  4.336, 1.213, 3.106, 0.766,  4.62, 0.645, 1.9521, 2.608,  2.00,  5.6850,  1.262, 0.555, 15.6416,  9.707, 11.511,  8.79, -1.067, 1.379,  3.268, 3.069, -1.8500,  6.659,  3.56, 4.246, 6.63, 8.7e+00, 5.810,  5.2757, 8.690, 4.7105,  1.289, 3.970, 0.2492, 3.688,  5.047, 8.792,10.739, 4.25, 2.516,  1.4054,  6.110, -6.560,  8.5729, 5.402, -1.432, -1.2139,  9.24,  4.506,  3.21, 3.391, 6.357, 4.561,  4.066,  4.15, 2.5125,  5.74,  3.554,  3.489,  1.9953,  0.3583, 20.2664, 14.325, 1.2e+01,  8.470, -7.7195
-2.275, 4.504, 4.734, 1.957,  8.7374,  0.980, 5.726, 5.201,  7.907, 4.386,  3.031, 3.670,  0.070, -1.673, 0.667,-1.966, 2.4960,  7.061,  6.831, 6.77735,  2.132, 3.63, -2.10,  5.6558,  4.88,  7.985, 4.1451,  4.768,  3.563, 15.638,  6.82, -0.020, 4.994, 5.193,-0.140,  5.40, 1.091,-1.9183, 3.741,  3.70,  7.9922,  2.554, 1.018,  7.7622,  7.161,  8.502, 12.14,  0.189, 0.233,  5.211, 4.874,  2.2559,  8.767,  9.43, 4.507, 8.51, 1.1e+01,10.266,  8.3129, 6.121, 4.2353,  1.122, 3.911, 0.3676, 4.238,  6.334, 9.462, 9.520, 5.30, 1.475,  1.7454,  5.380, -1.982,  7.3753, 4.424, -0.543,  0.0202, 14.44,  6.530,  0.33, 5.688, 7.384, 5.524,  6.787,  9.72, 3.3990,  8.04,  6.637,  7.469,  5.7663,  5.3161, 15.5099,  9.121, 6.2e+00,  7.908, -1.6728
-1.310, 3.339, 4.302, 3.564, 10.4875, -1.609, 4.569, 4.757,  5.396, 3.643,  6.468, 3.003, -0.478,  0.349, 0.849,-3.291, 3.2303,  5.590,  7.487, 5.04764,  2.322, 3.53, -1.96,  2.3696, 11.17, 10.657, 4.6862, 11.443,  9.925, 14.772,  4.26, -5.386, 3.970, 7.566, 3.779,  5.35, 2.374,-1.5714, 4.038,  0.99,  7.0995, -1.206,-0.671,  9.4219,  3.829,  5.133,  8.91,  2.885,-1.971, 11.306, 5.323,  4.5673,  6.627, 12.57, 2.287, 4.84, 9.6e+00, 4.349,  3.8606, 2.015, 3.4861,  4.342, 4.258, 3.0136, 2.654,  6.070, 7.264, 4.928, 4.44, 0.545,  0.8374,  2.238, -1.524,  0.3630, 3.984, -3.666, -1.7715, 12.20,  4.852, -3.98, 3.749, 5.245, 5.706,  7.620, 11.64, 5.1696,  8.62,  4.926,  6.167,  4.2431,  5.3948, 10.1287,  1.996,-8.8e-01,  2.351,  2.5260
 2.021,-3.232, 0.076, 3.930,  5.7478, -3.792, 0.426, 3.596,  1.968, 0.912,  8.626,-0.039,  0.918,  1.585, 2.859, 0.433, 2.9154,  3.919,  7.812, 2.86890,  5.152, 2.33, -0.64, -2.7094,  2.03,  8.046, 2.9914,  8.189,  8.347,  4.545, -0.25, -6.369, 0.083, 7.487, 9.364,  5.17,-3.225, 1.3538, 3.788, -4.25,  4.4676, -3.507, 0.200, 12.0150, -3.763, -0.418, -0.59,  5.460, 1.629, 15.746, 2.947,  4.6656,  4.727,  9.33,-0.910,-2.31, 3.0e+00,-7.503, -4.6311,-0.867, 3.2846, -0.913, 3.655, 4.6141,-0.947,  6.924, 3.337,-0.530, 3.88, 1.222, -1.1734, -2.338, -7.678, -9.0617, 1.839, -9.060, -7.6671,  2.18,  0.429,-10.12,-3.540,-0.050, 4.665,  4.748, 11.93, 3.6801,  4.77,  3.719, -0.648, -3.9596,  4.1589,  3.9803, -5.017,-5.0e+00, -7.811,  6.5169
 2.580,-5.065,-2.268, 2.422,  2.3435, -1.946,-0.921, 3.250,  0.653, 2.060,  8.100, 0.401,  3.185, -0.263, 3.051, 4.808, 3.4533,  2.974,  8.666, 1.97879,  5.539, 1.01,  1.53, -3.7022, -5.36,  5.133, 1.8365,  1.826,  3.251, -1.970, -1.91, -4.716,-0.421, 4.345, 9.693,  4.81,-7.302, 2.5736, 2.809, -5.52,  0.5944, -2.789, 0.364, 10.7658, -5.196, -0.977, -4.36,  3.341, 4.318, 11.161, 1.592,  3.3313,  3.893,  4.66,-1.009,-4.81, 1.5e+00,-9.669, -4.1412,-2.021, 2.1858, -9.347, 3.322, 1.2922,-1.347,  7.559,-0.192,-1.936, 2.62, 1.012, -1.6579, -3.694,-10.160,-11.3053, 1.135, -9.836, -9.3807, -3.33, -1.776,-10.91,-7.637,-2.772, 1.891,  2.599,  6.59, 1.0667, -0.48,  3.953, -3.726, -7.1927,  3.8066,  3.6326, -3.773,-4.8e+00, -9.169,  4.7082
 0.182,-2.001,-0.620, 0.943,  2.1458,  1.626, 0.884, 1.095,  0.912, 3.979,  6.691, 4.489,  3.719, -3.328, 0.258, 4.115, 3.9815,  2.783,  7.247, 3.46251,  3.042, 3.67,  2.63,  1.9732, -7.59,  3.874, 0.7348, -2.874, -3.971, -2.974,  1.00,  2.196,-0.291,-2.922, 1.133,  4.02,-4.088, 0.9774, 0.974, -1.17, -2.2760, -1.017, 0.658,  7.9463,  1.998,  5.052,  2.03, -0.964, 2.095,  1.284, 4.096,  2.4684,  4.274,  0.14, 2.061,-6.06, 7.0e+00,-2.454,  0.1009,-2.152, 1.6914, -9.228, 2.841,-3.1965, 0.691,  5.030,-0.488, 3.318, 2.10, 2.976,  0.4310,  0.205, -4.021, -4.5166, 0.487, -5.975, -6.7860, -1.97,  0.446, -2.83,-8.321,-2.538,-0.791,  2.055, -5.41,-0.2090, -2.34,  3.526, -1.259, -5.8404,  1.5895,  4.4882,  0.563, 7.7e-02,  3.529, -4.2515
-0.257,-1.850,-0.359, 0.081,  0.6616, -0.397,-0.670,-2.632, -0.136, 2.235,  4.542, 3.832,  0.459, -2.658,-1.385, 1.681, 0.0968,  0.337,  2.124, 1.18882, -0.636, 4.74,  0.56,  5.8685, -7.58,  1.150,-1.4100, -3.598, -6.951, -2.937,  2.09,  5.818,-1.917,-4.510,-4.126,  2.88,-1.504,-0.2673, 0.202,  2.90, -3.0393, -1.881, 0.753, -0.4484, -0.213,  1.670,  7.92, -0.998,-0.651, -4.403, 3.005,  1.5821,  3.697, -2.32, 0.608,-6.08, 7.2e+00, 3.728,  0.7747,-0.575, 1.1647, -5.267, 1.602,-2.3423,-1.805, -0.363,-0.734, 5.359, 0.57, 4.100,  2.1252,  2.714, -0.037, -0.0393,-2.286, -3.100, -4.9024, -1.27,  2.160,  2.85,-8.015,-1.431,-0.150,  2.986, -8.39, 0.0733,  1.16,  2.908,  0.168, -5.8622, -1.4844, -3.0629, -4.324, 2.7e-04,  9.549, -6.4904
 1.394,-1.855,-0.970,-2.004, -0.6498, -1.111,-2.601,-0.741, -0.596,-0.339, -1.228,-0.076, -1.703, -0.196, 0.433, 1.165,-1.8663, -1.199, -1.121,-0.27945,  0.738, 0.56,  0.70, -2.1461, -6.75, -3.897,-0.5463, -3.399, -3.229, -1.838,  0.40, -5.426,-0.911, 1.034, 2.748,  1.40,-0.660, 1.0414, 1.404,  1.72, -3.9117,  0.636, 0.061,  0.6392,  0.692, -0.641, -1.81, -0.443, 0.733, -3.217,-1.139,  0.1168, -3.118, -3.54,-3.227, 1.50,-6.1e-01,-0.932,  3.5561, 1.020,-0.7124, -4.773,-0.833,-0.6325,-3.113, -0.648,-0.903,-0.711, 0.60,-0.485,  0.8189, -2.122, -4.374, -1.9834,-0.606,  0.861, -1.3092, -1.79,  0.364, -2.86,-6.126, 1.585, 3.490,  1.358, -0.28,-0.2858,  3.59,  3.361,  2.197, -1.0746,  0.5877, -0.7263,  1.848,-5.3e-01, -2.230, -0.7720
-1.177,-4.466,-3.465,-1.856, -2.8829, -5.699,-5.294,-5.146, -2.751,-1.144,  0.108,-0.483, -3.413,  0.254, 0.028, 0.774,-5.7499, -4.042, -3.085,-5.25794, -5.083, 0.24, -2.46,  4.0024, -6.44, -2.287,-1.5721, -3.226, -4.005, -3.982, -2.89, -0.114,-2.706, 0.475,-0.544, -0.09,-2.410, 0.3369,-0.265,  1.78, -4.5562, -7.378,-3.338, -9.7288,-10.601, -9.427,  5.87,  1.362,-5.673, -6.425,-3.476, -2.9046, -1.165, -1.91,-5.870,-4.07,-3.0e-01, 2.943, -0.4054, 1.304,-1.0237, -4.593, 0.767, 0.6362,-6.934, -5.306,-3.661,-0.798,-4.06, 0.548,  0.6866,  0.615, -3.020, -1.5787,-2.804, -5.195, -4.8687, -3.02, -1.313,  2.30,-4.897,-2.475, 0.833,  2.844, -2.16, 0.4836,  3.46,  0.214, -1.319, -7.9116, -6.6037,-13.8520,-13.691,-7.3e+00,  0.778, -2.2029
-3.036,-7.303,-5.823,-4.873, -5.8173, -9.280,-9.056,-6.832, -8.158,-3.857, -4.466,-5.044, -6.636,  0.275, 1.592,-1.432,-8.9748, -7.428, -6.605,-8.77080, -9.151,-4.33, -6.27, -1.2312, -8.28, -5.124,-2.1424, -5.131, -3.934,-10.080, -8.42, -6.822,-3.875, 0.868, 0.590, -5.88,-3.462,-0.1546,-3.534, -4.35, -6.1723,-11.030,-6.124,-12.1138,-14.354,-15.097,  0.03, -1.353,-9.211, -6.918,-6.158, -6.4708, -5.356, -3.27,-8.671,-5.40,-6.7e+00,-1.419, -3.1390, 1.282,-3.3542, -6.553, 0.132, 1.0039,-8.384, -7.077,-4.993,-4.926,-6.18,-2.944, -3.4842, -4.117, -7.317, -3.2985,-3.482, -9.004, -6.5420, -8.54, -6.017, -1.38,-1.585,-3.279,-1.368, -3.643,  0.74,-0.3066, -0.98, -4.734, -5.236,-12.1136, -9.6439,-17.4128,-16.493,-1.0e+01, -7.650, -1.9882
-1.893,-8.790,-3.264,-3.946, -6.1844, -9.484,-8.480,-7.329,-14.534,-7.312, -7.090,-8.113, -8.744, -0.289, 1.807,-3.611,-7.5489, -6.249, -6.305,-7.47843, -8.926,-4.47,-11.11, -7.8635,-10.78, -3.079,-5.1363, -2.619, -2.655,-14.729, -7.38, -9.600,-4.921,-0.380,-1.591,-10.87,-1.655,-1.3142,-7.206,-13.16, -4.1519, -9.047,-2.978,-12.7896,-14.512,-17.253, -5.75, -8.240,-5.986, -3.244,-1.993, -2.3505, -1.753, -0.31,-4.951,-6.15,-1.1e+01,-3.919, -5.5195,-0.430,-5.8007, -5.780,-0.463,-0.5526,-4.517, -3.366,-0.584,-2.673,-2.77,-1.995, -9.0487,-10.148,-10.099, -2.0784,-7.274, -7.722, -6.5354,-12.93, -4.868, -5.06, 2.273,-0.435,-3.177,-11.499,  0.45,-0.5534, -6.53, -8.929, -2.106,-11.5120, -5.3125,-17.0364,-18.747,-9.0e+00,-10.374, -3.7901
 0.652,-6.495,-0.505,-1.794, -5.1075, -7.564,-5.396,-5.095,-13.602,-7.467, -6.018,-7.265, -6.599,  0.690, 1.900,-3.204,-4.3607, -2.841, -3.458,-5.06156, -7.179,-3.77,-12.13, -8.7375, -8.91,  0.736,-5.6570,  0.442,  0.495,-11.700, -4.21, -9.522,-3.761, 1.430,-0.270,-10.34, 0.055,-0.9996,-6.778,-16.64, -1.3556, -5.734, 0.454, -9.2034, -9.837,-13.569, -5.53,-10.392,-2.007,  0.129, 0.933,  3.0408,  1.640,  4.26,-0.619,-3.11,-8.7e+00,-3.255, -2.4255,-1.143,-6.1146, -2.142, 0.345,-2.0196,-0.535,  1.269, 2.759,-0.709,-1.24,-1.146, -9.9341,-10.741, -9.790, -0.0074,-7.879, -4.202, -3.9331,-10.89, -1.615, -5.74, 3.534, 2.691,-2.428,-10.650,  0.83,-0.1710, -7.72, -9.596,  1.980, -5.5367,  0.1795,-11.1732,-14.306,-5.8e+00, -9.051, -3.3894
 1.964,-1.600,-0.210,-1.831, -2.0236, -3.178,-2.184,-1.851, -4.768,-1.699, -1.878,-3.528,  0.520,  1.479, 2.401, 0.080,-1.2011,  1.372,  0.461,-0.65593, -4.420,-2.00, -6.19,  0.2596, -5.39,  1.286,-4.1986, -0.318, -0.687, -4.060, -0.95, -2.410,-1.904, 0.377, 0.050, -3.53,-0.755, 0.5829,-2.572, -9.23,  1.5969, -1.255, 2.865, -0.2401,  1.861, -1.261,  2.61, -5.006, 1.149, -0.691, 0.802,  3.4201,  0.638,  2.75, 2.070,-3.08,-1.6e+00,-0.629,  1.5617, 0.414,-2.1074, -1.156, 2.493,-2.0340, 2.067,  4.608, 3.692, 1.403,-2.04,-0.359, -3.6308, -1.342, -5.280,  2.5429,-4.943, -0.983, -1.6491, -4.18,  1.327, -1.30,-1.427, 3.969,-2.060, -3.271, -0.60,-0.8484, -5.78, -4.796, -1.671,  0.4660,  3.7031, -0.0099,  2.832, 1.2e+00, -0.593, -0.4215
 2.443, 1.336,-0.584,-1.313, -1.1830,  0.243,-0.214, 0.385,  1.002, 1.554,  0.284,-1.459,  3.567,  0.700, 1.376, 2.535,-0.0283,  3.311,  1.728, 1.69334, -2.725, 0.35, -0.27,  6.8359, -4.87,  0.674,-3.1433, -0.387, -0.939,  2.023,  1.74,  5.071,-0.235, 0.100,-0.203,  2.52,-1.651, 2.0637, 1.840,  0.29,  1.4321,  1.534, 3.428,  3.8466,  6.736,  3.912,  6.99,  1.052, 3.294,  0.105, 0.488,  2.4577,  1.530,  1.56, 2.717,-2.44, 1.6e+00, 0.847,  2.2963, 2.181, 1.2051, -0.362, 3.012,-0.3049, 2.539,  5.364, 4.611, 3.480,-0.73, 1.725,  2.4347,  5.551, -2.727,  4.1745,-2.999,  1.846,  0.5819,  1.73,  3.738,  4.50,-3.069, 3.551,-1.286,  2.341, -2.36,-0.9071, -1.05,  0.653, -3.128,  2.4628,  4.3831,  3.6765, 10.391, 5.1e+00,  7.092,  3.0694
 1.284, 1.169,-1.825,-0.368, -5.2213, -1.254,-0.421, 2.501,  1.197, 0.684,  0.310,-0.930,  0.205, -0.798,-0.923, 1.531,-1.6799,  0.841, -1.343,-0.33365, -3.808,-0.16,  1.23,  6.2176, -7.21,  0.596,-0.7229, -0.325,  1.137,  2.925,  0.78,  5.829, 1.544, 3.833, 3.360,  3.49,-1.571, 2.5169, 5.253,  3.85, -2.5806,  1.292, 1.763,  3.9599,  5.224,  1.255,  5.70,  3.797, 1.703,  2.717,-0.009,  2.7458,  3.668,  3.64, 1.155, 3.20, 1.4e+00, 0.373,  3.7188, 2.658, 1.6067,  3.483, 1.595, 0.6445,-0.091,  1.945, 2.968, 2.532, 1.25, 2.318,  4.4618,  4.826, -3.996,  2.6902,-1.413,  0.691,  1.6711,  2.97,  2.328,  5.63, 2.333, 1.891, 2.080,  4.366,  0.92, 0.4018,  4.62,  4.027,  0.557,  1.4188,  2.0460,  0.6483,  5.161, 4.0e+00,  7.566,  4.2849
-0.830, 0.291,-3.135,-1.411, -5.8952, -2.556,-2.269, 2.361, -0.183,-0.406,  0.259,-0.978, -2.485, -0.248,-0.980,-0.299,-3.7020, -2.305, -4.838,-2.47460, -3.223,-1.86,  0.92,  4.9568, -5.80, -1.377, 0.0727, -1.400,  1.373,  1.793, -0.32,  4.940, 1.125, 3.764, 4.588,  2.75,-0.827, 1.6241, 3.782,  1.55, -4.4347, -0.036,-0.603,  2.5255,  3.451, -0.565,  5.04,  3.316,-0.610,  1.435,-1.302,  1.8014,  1.642,  2.82,-0.522, 4.96, 2.1e+00,-0.477,  4.2549, 1.989, 0.9433,  5.268, 0.031, 0.0055,-2.778, -1.231,-0.844, 0.025, 1.88, 0.889,  3.8639,  3.716, -3.471, -0.7263,-0.152, -1.199,  1.2931,  1.67, -0.077,  4.68, 3.806, 0.123, 2.845,  3.558,  4.79, 0.4607,  5.07,  4.561, -0.530, -0.4458, -0.4443, -0.9828,  2.241, 2.5e+00,  5.475,  4.2124
-1.603, 0.155,-2.324,-2.712, -0.4816, -0.432,-3.452, 0.895, -2.005,-1.302, -0.694,-1.746, -2.348,  1.965,-0.022,-0.884,-3.5946, -1.951, -6.439,-2.92230,  1.275,-1.71,  0.59,  4.0091, -0.39, -3.754,-1.3461, -1.072,  0.286,  2.873,  1.80,  3.560,-0.364, 0.524, 1.235,  2.81, 0.642,-0.3704,-2.121, -2.99, -3.9024, -3.646,-3.494, -2.6469, -2.261, -3.848,  4.19,  1.904,-1.678, -2.750,-1.659, -0.0318, -3.739, -0.27,-1.346, 2.94, 7.7e-01,-2.009,  1.6381,-0.589,-0.2191,  2.741,-1.962,-0.8351,-3.468, -1.961,-4.580,-2.723, 1.03,-0.599,  1.5599,  3.176, -0.887, -3.6400, 1.195,  0.689,  0.9388,  2.10,  0.942,  6.02, 0.411,-0.445,-0.531,  2.289,  3.39,-2.0078,  0.31,  1.324, -4.461, -2.0371, -3.5091, -2.7447, -1.160,-1.7e+00,  2.235,  5.4224
-0.844,-1.268,-1.217,-3.157,  1.5251,  0.084,-4.339, 0.568, -4.187,-1.532, -0.624,-1.701, -2.223,  3.638, 0.310,-1.694,-2.9942, -2.106, -7.023,-2.33569,  3.564,-1.56, -0.39,  0.6422,  3.66, -5.999,-1.2509,  0.520, -0.249,  1.997,  2.18, -0.480,-0.968,-0.807,-1.006,  0.76, 1.994,-1.0507,-5.117, -4.92, -5.0539, -6.936,-6.759, -5.7581, -6.639, -6.763, -0.38,  0.377,-2.885, -5.626,-1.413, -0.9504, -7.597, -2.78,-2.896, 1.41,-1.9e+00,-2.536, -0.4733,-2.690,-2.1515,  0.914,-2.757,-1.8328,-4.135, -3.034,-7.649,-5.151,-0.17,-1.808, -1.2177,  0.364,  1.520, -7.2407, 1.635,  2.111,  0.0326,  0.95,  0.927,  4.18,-1.446,-0.437,-2.542, -0.344,  1.52,-3.0309, -3.29, -1.978, -7.660, -4.9366, -6.2575, -4.1548, -4.324,-4.8e+00, -2.805,  5.0540
 2.015, 0.235,-0.602,-2.736, -0.0190, -1.606,-1.374,-3.227, -2.494,-3.689, -6.349, 0.567, -0.618, -3.508,-0.238, 3.835,-0.5296,  1.937,  1.009, 1.46150,  2.688, 3.69,  1.81, -4.5249, -8.55, -2.176,-0.1925, -3.705, -1.680, -3.591,  1.89, -3.969, 1.091, 0.327,-0.623,  2.63,-1.272,-0.3149, 0.244,  1.20, -7.5529, -3.003, 0.455, -5.7658, -4.192, -2.902, -4.58, -3.310, 0.854, -3.542,-1.924,  0.3724, -1.350, -4.40,-0.709, 0.27,-3.5e-01,-1.546,  2.6783, 0.252,-1.1283, -3.245,-0.889,-1.6598,-1.459,  2.993,-0.304, 0.556, 0.71, 1.866,  0.0203, -2.879, -5.014, -0.9629,-1.656,  2.246,  1.1610, -3.93,  0.782, -1.14,-5.852, 0.259, 2.029,  3.431, -3.27,-0.6242,  1.42,  1.853, -0.612, -0.3702,  1.6842,  1.1330, -2.580,-3.6e+00, -0.508, -1.5521
 0.102,-4.192,-0.023,-2.626, -1.3914, -2.599,-4.946, 1.131, -6.237,-1.476,  2.525,-0.875, -2.434,  4.000, 1.245,-3.052,-2.1262, -4.236, -6.042,-0.32638,  2.301,-2.38, -2.23, -4.0054,  6.27, -7.465, 1.1232,  3.232,  1.022, -0.064,  0.21, -4.702,-2.029,-0.142, 0.379, -3.70, 2.555, 0.6250,-3.721, -4.21, -6.7747, -7.055,-9.754, -3.9364, -5.806, -7.843, -7.95, -2.287,-3.158, -6.404,-0.702, -0.8229, -7.698, -3.63,-4.449,-1.23,-3.1e+00,-1.463, -2.0387,-2.316,-4.2709, -1.727,-1.320,-3.5305,-4.051, -3.596,-8.866,-5.993,-0.12,-2.704, -4.3602, -3.222,  4.357,-10.2705, 0.902,  1.747, -0.2130, -1.63, -1.331, -1.26,-0.895,-0.966,-1.737, -5.422,  1.57,-1.4440, -4.56, -2.751,-10.594, -8.8932, -8.1864, -2.5350, -4.051,-4.2e+00, -8.323,  0.9022
 1.032,-4.918, 2.787, 0.108, -1.5809, -3.388,-3.162, 0.857, -5.029,-2.027,  4.197, 0.169, -2.615,  3.110, 1.102,-3.438,-0.6573, -4.665, -3.967, 1.28684,  2.578,-1.86, -3.23, -5.5073,  9.65, -5.204, 2.5482,  5.946,  2.403, -1.225, -0.71, -4.163,-1.998, 0.454, 1.137, -5.45, 2.573, 1.1599,-3.082, -4.13, -6.4236, -5.257,-8.921, -1.5545, -2.353, -6.356, -9.03, -4.460,-1.622, -5.169, 1.113,  0.3502, -5.877, -3.28,-3.275,-3.62,-4.1e+00,-0.980, -3.4906,-1.014,-4.4632, -3.576,-0.419,-3.5858,-2.232, -3.197,-6.970,-5.829, 0.79,-2.687, -5.9145, -3.946,  6.754, -8.3778, 0.714,  1.996,  0.3455, -3.46, -2.558, -3.52, 0.173,-1.354,-1.323, -7.576,  1.30,-0.0830, -4.65, -2.227,-10.706, -9.2460, -7.0822, -1.3785, -2.812,-2.7e+00, -6.652, -3.1267
 1.375,-3.487, 5.157, 4.129,  1.7959, -0.129, 0.667,-0.978, -0.382,-2.541,  1.819, 1.775, -3.644,  2.732,-0.491,-2.610, 1.4804, -0.379, -2.450, 0.71115,  4.437, 1.41, -2.18, -3.8959,  5.91,  0.225, 2.2343,  7.553,  2.827, -0.726,  0.49, -0.284, 0.714, 0.784,-1.401, -2.90, 1.829,-0.6490,-3.553, -3.94, -3.6248, -1.538,-3.603, -1.7912,  1.333, -1.843, -1.35, -5.164,-0.176, -0.722, 2.470,  2.4644, -3.113, -2.53, 0.226,-2.49,-5.7e+00, 0.022, -7.1030, 0.886,-2.1279, -1.986,-1.879,-1.3751, 1.341, -1.648,-0.597,-4.689, 1.56,-1.160, -4.9044, -1.725,  4.828, -1.6697, 1.470,  2.132,  0.9330, -3.41, -1.489, -1.79, 0.854,-1.024,-2.305, -3.722,  0.58,-0.2167, -2.91, -2.227, -5.439, -2.4993, -1.0345, -2.2233, -4.610,-6.1e-01,  3.840, -6.5523
 1.904,-1.096, 5.991, 6.313,  4.1154,  2.969, 4.599, 0.566,  4.511,-0.981,  2.104, 2.942, -3.051,  3.182,-0.872,-1.075, 4.1694,  4.571,  0.120,-0.11113,  4.650, 3.53, -0.13, -1.4501,  2.29,  5.664, 2.6324,  8.880,  4.562,  3.259,  2.55,  1.446, 3.494, 1.863,-1.635,  0.27, 1.360,-1.0672,-1.325, -1.30, -0.6120,  2.114, 0.583,  1.9783,  4.008,  2.027,  3.24, -2.999, 1.451,  2.920, 3.035,  3.9952,  0.158, -0.27, 3.504, 2.13,-3.9e+00, 1.703, -6.3902, 1.976,-0.3700,  1.315,-2.530,-0.3326, 5.270,  2.002, 4.828,-2.391, 0.70, 0.036, -2.5747,  0.269,  2.582,  4.8201, 3.079,  3.075,  3.0141,  0.36,  0.767,  0.56, 3.547, 0.500,-2.125,  0.962,  1.89,-0.4441, -1.06, -2.043, -1.305,  2.6962,  1.9132,  0.7035, -2.186, 2.3e+00,  8.109, -6.0054
 3.644, 3.109, 8.352, 6.983,  5.1219,  3.742, 8.513, 7.561,  9.618, 2.726,  7.863, 3.725,  1.153,  3.075,-0.019, 2.167, 6.9286,  6.007,  4.061, 1.46680,  5.355, 2.84,  2.28,  2.1465, 10.05, 10.882, 3.4370, 11.077,  7.384,  7.713,  4.21,  2.875, 5.200, 3.761, 3.344,  1.56, 1.907, 1.4039, 3.885,  2.84,  3.5556,  5.156, 3.482, 12.8594,  6.844,  5.833,  3.03,  2.165, 4.619,  2.616, 6.219,  6.1543,  3.381,  4.07, 6.692, 6.95, 2.4e+00, 2.173,  3.2766, 1.184,-0.6842,  3.049,-0.047,-3.2193, 8.537,  5.970, 5.187, 0.109,-0.64, 0.191, -0.2150,  1.333,  5.153,  9.5857, 4.355,  7.159,  6.0745,  5.21,  2.807,  2.34, 8.835, 3.726,-0.174,  1.753,  4.92,-0.5925, -1.49, -0.595, -0.426,  3.7666,  0.6319,  9.1217,  9.513, 7.0e+00,  3.029,  0.9155
 4.781, 4.883, 9.423, 6.189,  5.5382,  3.453, 9.311, 8.814, 11.116, 4.443,  9.571, 3.958,  4.249,  3.062, 0.015, 4.588, 7.2301,  4.570,  6.604, 4.23688,  7.213, 3.11,  3.64,  5.6629, 17.04, 10.888, 2.0461, 10.549,  7.482,  7.365,  4.70,  6.025, 4.551, 3.412, 5.272,  2.67, 2.959, 2.7458, 6.137,  5.45,  7.0101,  7.342, 5.359, 14.9045,  7.300,  7.821,  3.72,  6.228, 7.257,  1.152, 8.041,  7.0313,  4.306,  5.21, 7.427, 5.71, 3.8e+00, 1.369,  8.7687,-0.021,-0.8127,  3.744, 1.363,-4.1426, 8.285,  6.201, 4.208, 1.573, 0.83, 0.734,  1.6384,  4.262,  9.045,  9.3808, 2.857,  9.831,  6.2872,  6.61,  3.355,  2.95, 8.694, 5.180, 0.505,  1.893,  4.96,-0.4151, -0.50,  2.919, -0.103,  4.9718,  0.4872,  9.8257, 15.423, 8.8e+00,  1.827,  7.4464
 3.713, 3.054, 6.203, 3.890,  5.2806,  2.974, 6.435, 2.507,  7.087, 3.090,  3.961, 2.987,  3.882,  2.618,-0.924, 3.822, 5.5021,  3.372,  7.303, 5.71069,  6.407, 4.98,  3.40,  8.6171, 12.56,  5.419, 1.2504,  6.556,  5.466,  6.824,  4.66,  7.801, 0.695, 2.118, 2.782,  5.59, 3.349, 2.0595, 4.544,  7.15,  7.3767,  8.023, 4.180,  6.4143,  4.738,  5.109,  5.20,  8.192, 7.451,  2.953, 5.345,  4.0165,  2.554,  1.64, 4.263, 0.69,-1.8e+00, 0.447,  3.1362,-0.940, 1.5290,  4.243,-1.416, 1.3752, 4.804,  3.523, 4.605, 1.762, 3.77, 1.931,  4.0813, 10.158, 10.592,  4.8596, 2.046,  8.533,  5.0399,  8.46,  3.811,  4.29, 2.107, 2.760, 0.742,  6.152,  0.80, 0.2184,  3.84,  7.701,  1.506,  7.5925,  0.2875,  1.6833, 10.204, 2.9e+00,  6.128,  8.6849
 1.817, 1.487, 2.407, 1.524,  4.2876,  2.872, 3.622,-1.884,  2.066, 1.441, -1.456, 2.122,  2.979, -0.352,-1.700, 2.079, 3.6657,  2.775,  6.517, 5.29605,  4.960, 5.16,  3.20,  8.0274,  8.03,  0.443, 1.7692,  2.225,  2.185,  5.228,  3.22,  6.709,-2.100, 0.520, 0.306,  5.43, 3.105, 0.9048, 2.793,  7.31,  5.8653,  6.341, 2.205,  0.6786,  3.399,  3.389,  4.10,  7.900, 5.593,  2.392, 2.105,  0.3352, -0.044, -2.45, 1.361,-3.01,-4.9e+00,-0.185, -0.9852,-0.960, 3.3751,  2.987,-3.261, 6.3096, 1.985,  1.586, 3.630, 0.770, 4.26, 2.529,  5.5767, 10.318, 10.889,  1.4317, 2.446,  5.904,  3.7173,  7.47,  2.742,  2.27,-2.582,-0.297, 0.641,  7.082, -3.30, 0.2826,  5.13,  9.071,  1.617,  6.1569, -0.6636, -4.0821,  5.959,-1.2e+00,  6.229,  6.1475
-0.102, 2.116,-0.222,-0.701,  1.9754,  3.864, 1.475,-3.941, -1.484,-0.851, -5.358, 1.691,  2.393, -5.180,-2.111, 1.706, 2.1394,  3.545,  5.156, 4.63984,  6.488, 4.96,  4.38,  3.6026,  6.90, -2.922, 0.5807, -2.241, -1.677,  1.280,  1.97,  5.139,-1.612,-1.802,-1.666,  1.75, 2.221,-1.4382, 1.757,  5.26,  3.1131,  2.609, 0.517, -3.8955,  1.724,  3.588,  1.26,  4.733, 2.058, -2.662,-0.438, -0.9617, -1.858, -4.36, 1.279,-5.96,-2.8e+00,-1.057,  1.0122, 0.248, 2.1329, -1.507,-1.925, 5.9058, 1.677,  3.061, 2.899, 1.230, 4.25, 3.900,  4.5843,  2.415,  8.969, -0.2418, 0.158,  3.539,  2.0453,  1.78,  0.965, -3.12,-4.612,-3.016,-1.074,  2.580, -5.93,-0.6618,  2.80,  5.875,  0.145,  0.8911, -0.8021, -6.3772,  1.253, 1.1e+00,  2.808,  1.8285
-0.830, 3.194,-0.662,-0.662, -0.1316,  5.541, 0.878,-4.669, -2.559,-1.903, -7.791, 1.030,  2.098, -6.786,-2.282, 1.240, 1.5998,  3.947,  4.207, 3.89526,  7.085, 3.76,  4.97, -0.8121,  4.68, -3.146,-0.5446, -5.020, -3.157, -2.185,  1.16,  3.879, 0.581,-3.430,-3.093, -0.58, 0.547,-3.4624, 0.686,  2.83,  2.0512,  0.762, 0.478, -7.4949,  0.155,  3.865, -1.02,  1.719, 0.237, -5.013,-1.636, -1.2889, -2.132, -4.47, 1.845,-6.67,-9.5e-01,-1.432,  1.8137, 1.099, 0.8453, -4.421,-1.378, 4.0047, 1.834,  3.987, 2.713, 2.121, 4.02, 4.115,  3.2116, -3.915,  6.053, -0.0783,-1.941,  2.220,  1.4835, -2.78, -0.207, -5.88,-4.941,-4.133,-2.657,  0.179, -6.63,-1.4039,  1.03,  2.143,  0.761, -0.8072,  0.8581, -5.9028, -1.189, 3.3e+00,  0.694, -1.0068
 0.488, 2.045,-0.832,-2.375, -0.5220, -2.374,-1.218,-4.016, -2.649,-3.427, -7.729, 0.819,  0.383, -5.535,-0.762, 4.356,-0.0801,  2.963,  0.149, 0.14681,  2.259, 4.22,  2.15, -3.1109,-11.75, -2.490, 0.2567, -5.690, -4.138, -6.542,  2.85,  0.284, 2.030,-1.194,-3.205,  1.39,-2.364,-0.6129,-1.970, -1.29, -4.3521, -0.565, 3.202, -7.3274, -1.842, -1.466, -3.42, -3.601,-0.158, -2.733,-2.785, -0.0172, -0.501, -7.04, 1.029,-1.54,-7.0e-01,-0.611,  0.6997,-0.039,-1.1994, -3.273,-0.621,-2.7108, 1.606,  4.383, 0.123, 0.904, 1.32, 3.474, -0.4996, -3.590, -5.839, -1.8338,-0.493,  0.026, -0.9379, -6.73,  2.113, -3.51,-3.902,-0.624,-0.812,  2.467, -3.06,-2.6232, -3.44, -1.084,  2.029,  0.0062,  1.6156,  1.3164, -4.491,-4.2e+00, -0.826, -3.4779
